Ticker,Signal,Price,1d,5d,1mo,3mo,6mo,YTD,1y,RVOL,RSI,ShortRatio,High52,Low52,SMA50,SMA200,BB_Upper,BB_Lower,Is_Squeeze,BB_Width,GC_Just_Now,DC_Just_Now,Above_SMA50
AVAV,🐻🧊,137.11000061035156,-0.35610862749194533,-1.5721481647007147,-6.543525093171591,-4.432982892756676,-29.46653580901607,-46.481127560116136,-65.04881653271808,0.7202224038494744,19.11192329317285,2.21,409.8299865722656,136.67999267578125,157.05119995117187,198.76279998779296,167.13948759617193,131.25951295314445,False,0.24048320923982183,False,False,False
PM,🐂🔥🚀,201.19000244140625,0.3441408685317955,6.152062331666644,6.205006489810667,15.325544895590104,25.712796169308742,28.773548327237393,29.81040370509151,0.7057903178006729,76.69052839989781,4.04,201.19000244140625,139.3990020751953,188.46647857666017,176.01747291564942,198.82438179715876,182.77352622286077,False,0.08412444217831473,False,False,True
TM,,185.3000030517578,-0.37634244529149863,0.6408907049010449,-6.5085742154946,5.152651099850252,-12.20505771098786,-14.949278374890953,0.043192868225586226,1.1853448275862069,37.69650408509471,3.61,248.2899932861328,166.5,190.5558004760742,200.58789955139162,197.71142065882805,179.23858239292974,False,0.09801214015834274,False,False,False
GTLB,🐂🔥🚀,55.09000015258789,2.8566070576313423,6.970874082694934,17.23770628812921,67.04063346646218,175.03743516752718,52.266444687417305,23.492489125419308,0.610418149821249,70.10621236858762,2.34,55.09000015258789,19.420000076293945,45.431200103759764,32.68412498474121,54.161598824176096,45.17590117582391,False,0.18091249826806968,False,False,True
IE,🤐,10.1899995803833,5.486539765455349,-1.3552792290101636,-2.0192312100935426,11.123222416608618,-24.518521626790367,-37.67584499917115,-29.285220761377577,0.81618866166695,53.44128773070861,5.09,19.920000076293945,8.079999923706055,10.405399951934815,12.731500015258788,11.021297964360281,9.017701974604561,True,0.199969658751266,False,False,False
CIFR,🐻🧊,13.520000457763672,0.14815153899016203,-12.661493168167778,-19.762610375772574,-31.957725783944735,-23.873872277450488,-16.543210981241344,-20.329988186127114,0.5324127023171717,7.570998322195592,2.26,29.18000030517578,12.015000343322754,16.924699954986572,18.297325043678285,19.69260999205064,13.077390084243305,False,0.40373633765065714,False,False,False
HMC,🐂,32.70000076293945,0.6773436693465463,2.8949026318949853,0.5535064656888984,16.411536437556233,35.123965834815735,9.145533251657726,9.584452398548422,0.7851756300853344,51.9274618659682,4.18,33.369998931884766,23.489999771118164,31.863999938964845,28.57980004310608,33.00425739211204,31.3307428367698,False,0.05202501125012658,False,False,True
GRND,🐻,15.029999732971191,0.6024106768119573,11.004429655214334,-1.6361256830427156,-3.900259571362429,18.533118069691028,12.922609009234161,25.668893687561145,0.6954938855698338,42.9276286895264,4.18,17.940000534057617,9.850000381469727,15.660599994659425,13.581249976158142,16.787553239713027,13.506446718325304,False,0.21661758275120757,False,False,False
WU,🐻,6.119999885559082,-3.3175361876469496,0.3278685449048112,-8.55100609376376,-19.57595589544286,-27.94391125581324,-27.315019162634176,-13.267426532987933,0.6640160741028934,47.101448273812686,6.34,9.377739906311035,5.900000095367432,6.619548225402832,7.8218861889839175,6.679499110022439,5.738883296212302,False,0.15148765483947307,False,False,False
AA,🐻🤐,42.20000076293945,-1.4709340209704134,-2.966201116901915,-12.556978386569545,-13.815956152895215,-42.23222459008946,-24.975390181341893,21.45415703997516,1.0361028807608994,32.267454593743125,3.12,83.6277084350586,34.74562072753906,47.44146575927734,57.671840801239014,47.23423933653116,40.20876107545614,True,0.16068703562262304,False,False,False
WY,🐻🧊,19.100000381469727,-0.36515229288278384,3.2990839259197746,-13.417947217281167,-19.0097038883329,-21.672129621626652,-17.607556154576468,-17.27471946112877,1.1121801513208371,28.442459693842835,4.15,26.396013259887695,18.469999313354492,22.423039627075195,23.668966588973998,22.85438564317201,17.38461410505797,False,0.27186419008114837,False,False,False
XRAY,🐻,8.829999923706055,1.6110512092404352,3.1541996595070905,-15.583175033426466,-30.472440501422437,-26.539104929877173,-21.65040314951142,-24.27946539027055,0.7879866443574651,36.444446328246364,5.39,14.680000305175781,8.520000457763672,10.64819995880127,11.540809993743897,10.398134808708946,8.105864996741495,False,0.24775938565371708,False,False,False
ALAB,,342.2099914550781,-1.394610721259528,-5.555556959282186,17.509096223006974,-5.409366850088745,105.1680177534199,90.58253291822899,65.95217511918408,0.9292881250514493,50.506233517116975,2.29,483.0199890136719,100.2699966430664,317.45759857177734,246.36037441253663,418.66063235640155,257.4273605024852,False,0.47695943000593705,False,False,True
NI,🐻,40.7599983215332,0.567479766009305,3.059416201805688,-1.5696728526298886,-11.98384982295844,-12.502171070264556,-1.3911567202987967,-2.3526858293815907,0.566498332842041,52.53162417649984,2.89,48.75331115722656,39.0,41.16299980163574,44.43172334671021,41.448433053067276,38.59156633658117,False,0.07138597546904998,False,False,False
ARLO,🐻,12.399999618530273,2.057613233326515,-1.509138457147376,-5.989385799738365,-5.989385799738365,-9.620995793059073,-6.273620199730982,-25.61487965339574,0.7718658919121105,37.32969637816851,9.25,19.440000534057617,11.229999542236328,13.492199993133545,13.464849972724915,13.960040653029944,11.879959404190513,False,0.16099700032765246,False,False,False
SMR,🐻🧊🤐,7.199999809265137,-1.6393491746190008,-6.250000388051082,-16.376305500995265,-16.27907569889354,-24.843425192014063,-55.85530321874156,-81.65137741771254,0.810794944199508,21.090926367377293,2.11,53.43000030517578,7.199999809265137,8.946800107955932,11.729450027942658,9.173115132514173,7.106885124977893,True,0.2538366062476442,False,False,False
WTRG,,38.97999954223633,0.6714832472530634,0.8016586190065252,-5.088873065784998,1.9356797169767088,0.27638294759214455,3.6118010932886886,-0.717261964041684,0.516605716010306,33.83625792533741,2.6,42.0,35.92103576660156,40.25643745422363,38.692026424407956,42.028091232197234,37.62890835581546,False,0.11045314031747161,False,False,False
AI,🐂✨,11.529999732971191,1.6754812859499049,3.9675344844844327,9.392787236254534,26.01093129688247,36.12750141052593,-16.145456487482242,-35.62255817306884,1.001669449081803,67.6923159687801,7.94,19.3700008392334,7.760000228881836,10.483199977874756,10.183099980354308,11.542265033588954,10.260734844340732,False,0.11755540030484198,True,False,True
EXC,🐻,41.7599983215332,0.07188780164378442,2.302789401608378,-3.2437477544681936,-10.149989502442015,-11.621833880775613,-2.28036491194494,-8.023764145784975,0.5335953377898577,47.41782271843199,3.9,49.3515510559082,40.20000076293945,43.12933448791504,44.881298007965086,43.053608826356694,39.65939128045483,False,0.08207216620165489,False,False,False
EXP,🐻🧊,164.6999969482422,-1.5540980610211095,-3.0149629932599677,-10.910368746512772,-19.54597329190644,-18.19130257362365,-21.80839288254908,-27.502668331215478,0.7646447860407146,27.535787398733717,4.12,240.64385986328125,164.6999969482422,191.23908569335939,205.50688537597657,185.84218980108582,164.28781202996888,False,0.1231221412526505,False,False,False
MRNA,🐂🔥🚀,225.0,14.213197969543149,10.72289383702178,56.28255754133079,233.62988116064534,343.9621125594616,629.0991430652365,738.6134947439856,1.700485396859058,72.30505231920495,2.0,225.0,22.360000610351562,138.25850120544433,72.63127527236938,227.9488599150878,138.14214350288094,False,0.4906250936173588,False,False,True
BPRE,🐂🔥,13.079999923706055,0.5380453004821736,2.7494139360215613,8.911349769882907,1.5316762789089036,-15.981397201984219,-8.484408343645654,-3.815250088257533,1.1247348921069498,80.85107354354083,0.07,17.097402572631836,11.710368156433105,12.231746044158935,14.133965101242065,13.24417188846819,11.589358823659497,False,0.13327247615261967,False,False,True
EQT,🐂🤐,52.83000183105469,-0.20777634776666187,3.34507616373081,-2.2933195316593062,6.395719608053277,-7.894210212858501,-0.30891918022070713,0.6264545497480537,0.5198320894722891,63.691702482689735,3.01,67.52731323242188,48.560001373291016,52.801218032836914,55.2304609298706,53.838953216020606,48.26204699760245,True,0.10924293017207971,False,False,True
CSGP,,29.670000076293945,-0.4696390209881935,7.266812147397365,-2.593562153392914,7.1893054522331825,-19.940639565985048,-54.83330952414136,-60.743583808563784,0.6500971509019113,54.96062599516344,1.78,78.2300033569336,26.950000762939453,30.19919994354248,39.15369994163513,31.410066187320567,25.858933866085195,False,0.19386168140036342,False,False,False
VIPS,🐻🤐,12.899999618530273,1.4150892116569889,1.4948826106455415,3.448270587759334,-6.926407373209995,-12.955466368629494,-24.134953851006554,-29.471389586674455,0.9767941404324249,62.195100676526714,2.14,19.48101043701172,12.09000015258789,13.460000019073487,14.794712471961976,12.905266597493977,12.04973342157951,True,0.06856607295215944,False,False,False
NVAX,⚡🐂🚀,12.75,15.803812306504161,1.51273546206696,35.35031737511574,51.425176775199034,57.21332354807783,78.82187651268728,53.06122589167405,2.595996521328044,67.41071720005733,8.08,12.75,6.21999979019165,9.530399999618531,9.014899971485137,12.44186460987192,8.923135542715968,False,0.3293919065785485,False,False,True
UUUU,🐻🧊🤐,9.960000038146973,0.20121185722324375,-7.948241043746329,-23.088801661440606,-24.716550394805324,-48.55372043314152,-40.28777064796337,-51.0324485573824,0.7351147131258902,17.679580425770467,8.29,27.719999313354492,9.9399995803833,13.035199966430664,17.028250036239623,12.691035467678699,9.813964360659924,True,0.25568283749959647,False,False,False
EIX,🐻🤐,55.29999923706055,1.8416206520266123,3.631478869428478,0.3744925472271827,-26.600008060723578,-21.42978471643194,-4.133734859127825,12.070825454303689,0.9305694079899666,57.106322067872746,2.4,79.0791015625,49.34379577636719,60.95541030883789,66.12676061630249,55.85514722539805,51.05197557733633,True,0.08985690610951265,False,False,False
CSX,🐻🤐,47.2599983215332,-0.16899415039464066,-0.35842711901485425,-3.452507487366105,-5.069353276169244,12.242385224467558,31.48937534155445,34.87596268042586,0.48174913396510016,64.0797787307468,3.97,53.08467483520508,33.25257110595703,48.9714274597168,44.368848133087155,48.64997565613316,45.798024298090475,True,0.06039199050112117,False,False,False
BLDR,🐻,52.849998474121094,-1.784060350621783,-4.997308180149435,-12.456519116802468,-29.68334765959503,-39.62070237498793,-49.48867450878707,-56.8571441027583,0.5169494147095337,30.488640841722116,2.48,128.9600067138672,52.849998474121094,64.25320045471192,84.3377003288269,62.011115044569095,52.99888442137329,False,0.1567208184513482,False,False,False
CI,💀,282.42999267578125,0.4981652857579242,4.1063009252015075,0.5948079683963293,-6.379380424602789,3.8252719720098054,2.901138513489097,-3.956681291445796,0.5329865970786266,59.7405487925563,4.33,302.8186340332031,238.99339294433594,276.6031268310547,277.4209662628174,288.4622824616366,262.5087136321134,False,0.09421029060886205,False,True,True
NOK,🛒,10.359999656677246,2.1696184014368693,1.568625984353196,-6.9182430354570625,-11.452992943869582,-0.09643422364702167,59.13977407734576,94.73682936822037,0.5912760516716253,42.67676694698918,1.03,16.850000381469727,5.25,10.22100004196167,10.11735000371933,11.089011567347436,9.710988528019994,False,0.13250221471242726,False,False,True
AES,🐂🔥,14.9399995803833,0.06697438046302708,0.2684561266919879,1.014196206336434,2.1566877385108065,6.288962193480111,4.499598497303282,11.469269170421688,0.6375199934719852,76.19038968942012,2.9,16.86722755432129,12.965433120727539,14.794199962615966,14.488726968765258,14.965462431543719,14.770537629491438,False,0.013110357926566084,False,False,True
HPE,🐂🔥🚀,73.45999908447266,3.4647874429192345,7.4605009195228345,18.611377469163788,48.59927931606868,197.70766112918085,207.56116354537943,206.4943705004211,0.6140089839535179,77.44960681602353,1.81,73.45999908447266,19.66539764404297,58.082077255249025,37.900387115478516,74.56521440531196,53.25740789388238,False,0.3333964853506825,False,False,True
LRCX,,318.8399963378906,-0.545868561087465,-7.796411916364536,7.027933548070455,-7.778474124302562,19.48360297462765,72.80137304971484,143.82486102489182,0.4911248173511586,60.218291097407466,2.81,432.8701477050781,130.7659912109375,310.45252685546876,278.7164665222168,361.3212064477307,260.16422140871464,False,0.32553292645304605,False,False,True
SU,🐂🔥🚀,72.2300033569336,1.8615140694592265,5.031273640778977,4.939708608789975,19.09139973667972,12.855828530939558,61.750980710242565,86.73656567425776,0.947046172900203,71.01943538528187,2.93,72.2300033569336,37.38722610473633,67.08040809631348,60.41693223953247,71.72194148535509,66.13005970483046,False,0.08112877190386045,False,False,True
VICR,🐂,266.07000732421875,1.4295516526747902,-12.938051739984349,34.439898135962125,0.5935755479087901,42.87939296535578,127.68270232291101,447.9200984342695,0.5959212851724617,63.7801513453485,2.76,379.7799987792969,48.560001373291016,227.9477993774414,220.9924500656128,346.3895644887423,175.95243380227342,False,0.6525882706889372,False,False,True
FLR,🐻,50.68000030517578,-0.6469281066769169,0.13831198178231457,-6.494465697813341,-0.8607172063819171,2.259884787832871,21.53477069050136,15.234199255743707,0.6899746209297616,34.98520253022767,4.46,57.5,39.630001068115234,52.67559997558594,49.051199970245364,56.01825802663741,47.46574313303056,False,0.16529153874541386,False,False,False
AUGO,🐂,91.26000213623047,10.631597162778949,7.15040988401206,4.800183988610229,61.38838499373625,-10.480925046005108,87.58461131448301,153.97317211491526,1.187438434093255,52.404833422838585,5.5,107.02434539794922,29.374902725219727,81.18203666687012,72.6292567062378,93.08433192584928,76.22166630413119,False,0.19919749799782435,False,False,True
NVR,🐻,5899.16015625,-1.722428831107093,-1.1900721273183343,-4.246223182319805,-7.519277342503113,-13.013419852297888,-18.95500178907725,-20.826205779594968,0.6026812195990034,35.63388668612842,3.51,8097.25,5563.6201171875,6243.48162109375,6652.610102539063,6420.689513306688,5885.909607787062,False,0.08690945406729034,False,False,False
IFF,🐂,84.55000305175781,-0.11813168614122535,1.5493644996749305,1.602907556257715,13.767503264538488,19.10651237539085,26.2732911045095,45.14235908403765,0.6912393308296347,55.771592892707396,9.46,87.65511322021484,58.25315475463867,84.26118194580079,76.12606204986572,86.46049245726319,82.08676172364501,False,0.05189916329249342,False,False,True
BMRN,🐻🧊,54.79999923706055,-0.16396457203252132,-4.761907603180797,-16.565165982890317,-6.548431433418049,-0.14577592838489906,-7.821701372925249,4.740060314797103,0.9796082297314567,8.137444974033514,5.73,70.23999786376953,49.66999816894531,63.48539993286133,58.68605009078979,67.89927239493352,53.046727132044026,False,0.2456062262659058,False,False,False
MLM,🐻🤐,478.3500061035156,-0.6686465460327656,-1.4727072907279866,-6.198522605934076,-16.492216329783272,-24.473764145112234,-24.279685756241673,-23.931722359868708,0.5303021515977498,34.52828834830275,3.56,705.08837890625,478.3500061035156,513.1544537353516,584.3212998962402,506.0334382578178,470.7645689443307,True,0.07221322945673912,False,False,False
PSX,🐂🚀,278.17999267578125,-1.2144933784117833,3.1365829070108853,7.210849565288881,38.82177265986549,75.61518716352944,117.50977915677696,125.95260447228853,0.8843716712856031,69.43456953412884,1.62,281.6000061035156,123.11431121826172,247.03042266845702,186.089564743042,281.50137790895724,246.64062190793732,False,0.1320128147850618,False,False,True
ITW,🐻🤐,264.1300048828125,-0.21910263722102458,-0.0227100034215173,-0.8643744052443417,-2.364435660452067,-2.5711280435364054,7.873105508475474,10.595726794049,0.9060275457885841,48.14113073642216,6.69,295.4051818847656,235.06100463867188,274.89646606445314,265.74716384887694,273.89352779844967,258.30848330994877,True,0.05856815330720932,False,False,False
BKR,🐻🤐,56.70000076293945,0.7104822936047176,-1.185082419863603,-3.995937276457356,-1.5081476164658494,-8.729394815316839,21.583144928749,27.85656695242838,0.3453877051946345,44.995568668407664,2.86,69.18328857421875,43.78534698486328,60.3584619140625,59.351826992034916,58.41015695499598,55.025843106039176,True,0.05966913232370412,False,False,False
MRK,🐂🛒,145.60000610351562,2.261554368784707,4.342850156912716,1.757424676162847,21.26134627968091,22.773755996404297,39.601003595419584,74.29399552339295,0.9417401157440854,41.673800895720376,2.88,155.53192138671875,80.1368637084961,142.94145141601564,122.54167934417724,151.78859531771488,139.7724032174414,False,0.08242660822705736,False,False,True
ALHC,🐻🤐,7.545000076293945,-13.375430043062064,-11.235293220071231,-40.166532262364356,-64.41037827940247,-64.03717711668882,-62.68545829617918,-56.41247655068496,1.9149731458745205,41.40197419961351,2.18,24.559999465942383,7.545000076293945,11.519000005722045,17.718350031375884,10.927417171039632,6.121082746944379,True,0.5638425019464826,False,False,False
EPD,🐻🧊,36.08000183105469,-1.8231242692389455,-1.9565147307958755,-7.249356257603652,-2.947423162162556,-0.7359461241636606,17.39226167145057,24.76886217370737,1.0710224335780005,28.998228745278553,5.89,39.36000061035156,28.353961944580078,38.01580001831055,36.25769852638245,39.39572427196778,35.09827597217284,False,0.11537703132361872,False,False,False
DOCN,🐂🛒🤐,134.82000732421875,8.813563893345869,-1.7561673674501768,9.654339707689003,6.745846450193224,68.79930222612677,175.31142324583132,261.54466080498395,0.7227640253271556,38.00254937229456,3.99,181.2899932861328,37.290000915527344,126.15759994506836,107.5268497467041,150.14502771313732,117.6979730803197,True,0.24228413314289793,False,False,True
PAYC,🐂🤐,232.22000122070312,1.0091376188828283,2.847782508422272,6.080123035006621,61.899345573785425,94.99665038637634,53.45862901967807,17.312138563462288,0.5690073485711888,56.94379724299862,3.4,240.52000427246094,113.0954360961914,220.03474884033204,155.93849102020263,231.7374647335305,216.51653459508282,True,0.06791207735455926,False,False,True
AXTI,,68.45999908447266,-4.465537837152999,-21.001619903686162,5.697086047018134,18.916101176612464,3.024834053485445,308.472542658432,1598.7591940529535,1.051936545540781,38.73502220032262,1.25,140.8300018310547,4.03000020980835,71.60860008239746,61.937250056266784,91.2776444639999,57.71735751964266,False,0.4504887613349831,False,False,False
SHEL,🐂🔥🚀,100.18000030517578,-0.01995673021500731,3.791964141528277,3.5238232720902993,19.7227323326406,10.123495244512231,36.43564543670589,45.48724814249045,1.315284790601539,80.49427425143733,3.15,100.19999694824219,68.4334716796875,93.5037596130371,84.7942961883545,99.90311397237208,92.62888523417088,False,0.07556384152431318,False,False,True
ADBE,✨🤐,242.27000427246094,0.5061195624383248,1.4573521019191797,-3.9487735891003983,9.733674070107494,0.899589211869026,-27.311727229060573,-28.218423968907175,0.7452810395652129,43.270836590732436,3.19,359.9100036621094,193.41000366210938,257.8787991333008,256.9783499908447,260.41308163628787,225.02691927923942,True,0.14579005557972585,True,False,False
PINS,🤐,21.399999618530273,4.237695581036626,6.679961058139241,12.33596050176187,-5.351618572125615,18.75693160324186,-19.427710659515355,-29.605263529391834,0.9022794759705982,68.81919202263201,2.91,35.2400016784668,15.420000076293945,21.2315998840332,21.08505001068115,20.94809196747937,17.523907963856075,True,0.17800915001740253,False,False,True
GLD,,384.5799865722656,1.5741354212509127,1.3252533107814415,-3.5584429200663203,3.340049141378926,-11.663910439148637,-3.4397941772172653,4.188337575744147,0.8934456681249929,37.9496955972322,0.0,495.8999938964844,362.32000732421875,397.0278009033203,415.65480026245115,404.5204496810103,371.49255080727096,False,0.08512202463865319,False,False,False
SRPT,🐻✨,17.850000381469727,-1.976928726536259,2.058322556104568,-12.713937821369578,-0.6124649699900554,-18.081690539306088,-16.23650479204574,-19.267300367632597,1.1429481298384223,31.680002343750715,7.77,24.450000762939453,14.859999656677246,19.0607999420166,19.026999921798705,21.447624354941784,16.375375217812124,False,0.26820977682497155,True,False,False
INDV,⚡🐻,35.83000183105469,1.0719352889619667,-0.44456749083131886,3.885184364674865,-10.937106043369969,13.386080375066825,0.2798832636427744,50.67283766386213,2.304597094045001,52.60419219179444,5.23,41.83000183105469,23.780000686645508,36.36950004577637,35.73630006790161,37.03308028372083,34.243920143525266,False,0.07826255660246298,False,False,False
NVST,🐻🤐,23.0,1.232397425650129,-1.4567272937665003,-9.980427840333341,-11.911147214292185,-14.529914045273129,6.039646997174679,20.671566864930192,0.7618816800368386,44.44443896827689,4.12,30.260000228881836,18.950000762939453,25.958199882507323,25.68549997329712,25.205362804435104,22.2446371955649,True,0.12479349247082006,False,False,False
APG,🔥,40.31999969482422,0.8504256040040773,-0.8362030345888717,6.497620297977626,-2.8667758969570367,-10.040160710932929,3.4641992092212104,18.41409867328075,0.6347005596176378,72.99032589243551,2.57,49.400001525878906,33.63999938964844,40.05899978637695,41.916050090789795,41.58725297416055,35.74674589668906,False,0.1510462969133493,False,False,True
MO,🐂🔥,71.68000030517578,0.36404668565718656,5.598119041712941,5.5738056026508405,3.7981870308072185,10.633001183783962,31.133158223764234,15.010203144796519,1.0476816150028847,70.27028884684157,4.61,73.74224853515625,52.1916618347168,67.47895622253418,65.78764221191406,71.45545411793157,66.62954267772272,False,0.06989769420569981,False,False,True
TTWO,🐻💀🤐,213.44000244140625,1.9439305627058483,4.905138797903548,-0.942125942264034,-9.956121968092882,5.999206294417182,-15.166932725116562,-15.291502398155743,0.7890205487277416,55.260012486108174,3.42,262.2900085449219,189.69000244140625,222.52139923095703,223.59465003967284,217.61661896243487,196.45138030514323,True,0.10223073840398028,False,True,False
EMN,🐻🤐,62.689998626708984,-1.678167696034671,-3.464742423943375,-6.789109727419887,-5.569038554648036,-13.251036101168406,0.9886669400861137,13.101715038279469,0.7154434824417304,38.80597811601594,5.73,78.49745178222656,53.68513870239258,68.97644622802734,69.5947738456726,67.79226017323144,62.79674052867286,True,0.07650751009209202,False,False,False
BTDR,🐻🧊,9.630000114440918,-0.9259274703230199,-11.893871495312425,-19.48160465112385,-22.087375550706426,-14.361936750147589,-16.623377009414458,-45.83802169549985,0.6024365852843411,11.597385138629136,5.96,25.899999618530273,7.28000020980835,10.895500049591064,11.99807498216629,13.30241445218185,9.266585601223913,False,0.35764356785039864,False,False,False
ZETA,🐂🚀,33.09000015258789,0.1816572071102356,0.6386833261885108,9.64214651420349,46.87083508258277,111.70825278507373,66.19789254739202,79.83696107941007,0.9052693901716993,62.532291208979416,2.15,33.7400016784668,14.550000190734863,29.64980007171631,21.64560001373291,34.21590884630265,28.16709171827254,False,0.19392517427143421,False,False,True
HALO,🐂,110.41999816894531,0.5280424712237621,1.9481125084598865,3.003732567509112,47.12857252356776,64.85516965492198,57.047364532939106,72.26209172770083,0.6907911361011648,48.01235308043754,6.48,115.22000122070312,61.630001068115234,105.64620010375977,79.41895023345947,115.67574094744515,105.68725877789666,False,0.09024527298547447,False,False,True
CNH,🧊,11.390000343322754,-6.100575137152596,-14.360900902412515,-16.126653848946695,9.30902360774076,-0.6913442689743627,22.99402829280108,13.860814697242512,1.485123955524464,25.178157007410803,2.11,14.399999618530273,9.131855010986328,12.267000045776367,11.139010457992553,14.40726192046314,11.95073835800976,False,0.18639680829350866,False,False,False
CAG,🐻🧊,13.489999771118164,-0.5895351916372389,2.274451859581828,-7.60274370787258,-3.5756510367671557,-3.5968639125035953,-17.548713168433363,-21.651094690949954,0.5938598846816634,25.964909462826938,3.1,19.307117462158203,12.437968254089355,14.986200046539306,15.147422275543214,15.7071585853949,12.68784120479675,False,0.2126654272165973,False,False,False
AXTA,🤐,32.630001068115234,-0.5486141348421598,-0.15299644000501467,-4.478919163147434,1.587802469458371,14.011181381185612,-1.1212088844992898,23.64532710415468,0.6042128350860269,56.42737689174421,4.15,38.189998626708984,25.440000534057617,34.85460010528564,32.187250022888186,33.67330018787756,31.66670053691492,True,0.06142025187340587,False,False,False
CRWD,🐂🤐🚀,275.0400085449219,4.5739699375005225,0.8691806947871878,33.036665007738996,30.51773080303751,173.50836835955874,142.5503917167225,122.85784264846038,0.6625335013644704,66.44477489015458,2.26,278.8599853515625,87.5625,228.7020004272461,157.3163750076294,283.2108863744768,232.20611649417563,True,0.19791652039581273,False,False,True
ALKS,🐻,40.61000061035156,1.2465719082311864,-5.0280584555096635,-11.659779134262072,-21.298446102244238,20.325927734375,43.70134565267262,30.118557518816196,0.6259582220016428,32.95126799686955,8.24,55.220001220703125,27.200000762939453,45.99240020751953,39.419950094223026,46.880190906268375,38.08080953623651,False,0.2071393068396509,False,False,False
KMI,🐂,32.4900016784668,0.7441912510598353,3.4384012617041435,5.281921697592167,0.7796077538585472,3.201990111240966,20.59912015784683,24.708879190190046,0.6178224873141637,58.037598239347034,3.61,33.99227523803711,24.860597610473633,31.475640106201173,31.215156955718996,32.538048129850274,29.954951900667304,False,0.08266833814736217,False,False,True
SM,🐂,37.0,-0.2157546577780521,5.563483039616149,-2.8871352183078245,25.22801469891421,29.891557809665017,97.56340595208124,70.58188898060499,0.4813570043695202,63.345183168648376,3.34,41.290000915527344,17.200931549072266,35.14028392791748,28.505891675949098,39.87063998308861,31.592360123722912,False,0.23168016587584178,False,False,True
CRH,🐻,81.54000091552734,-0.41523735869010714,-1.3430134178569924,-7.916433534319695,-21.213749025548594,-29.93559517348291,-34.78807151826986,-28.93737225066951,0.45850651619531374,32.23350978726289,2.27,129.9237060546875,81.45999908447266,90.92310989379882,106.59512683868408,89.38853778581425,79.7594625498791,False,0.11385384653469338,False,False,False
SBET,🐂🛒🧊,8.59000015258789,-2.4971652275855427,-10.42752850978993,-3.26576529409522,44.369755091619254,28.208961151150408,-11.351903771206336,-43.929501803515194,0.8600443898369782,28.615381455278524,4.69,16.1299991607666,4.559999942779541,8.176000013351441,7.377599995136261,10.479728354738567,8.048271666242266,False,0.2624629410344295,False,False,True
UAA,🐻,4.929999828338623,1.0245842771549472,4.8936176256876855,-3.5225107724603126,-25.416040412128687,-19.70684144069128,-6.805295578646852,3.789470070286801,0.7250178311474709,56.153839382195194,7.01,8.140000343322754,4.170000076293945,5.175600032806397,5.978850004673004,5.193081936352853,4.244918075091239,False,0.20092474255391257,False,False,False
UMC,🛒🤐,22.959999084472656,0.6134942660853349,-4.013382060030608,1.4134262519924379,-3.6912796245083417,140.86537961305152,198.0094642649697,225.40309094567027,0.4275419747538707,36.847697632083445,2.5,27.52573013305664,6.898630142211914,21.41020004272461,16.035044384002685,26.505152581760633,21.509847380092395,True,0.2080726941846052,False,False,True
NUVB,🐻🧊,5.0,1.010104902252232,1.010104902252232,-17.62767943000757,-15.254238657963661,6.382983040626325,-41.72494120675593,33.68983923129261,0.5025527026016492,14.5695025447651,12.54,9.539999961853027,3.4100000858306885,6.177799978256226,5.674750001430511,6.3960747157641205,4.6989252651623925,False,0.3059305008597222,False,False,False
IBM,,227.1300048828125,0.2294710167514044,2.504740051401143,-6.642274178664877,5.385046221207191,-3.101934928824944,-20.495074550462462,-16.120265476921563,0.553856985145864,42.541968792023326,4.42,326.8851013183594,204.30442810058594,231.88594787597657,250.93196746826172,246.32733863406366,211.35865837521368,False,0.1528064239996452,False,False,False
TMO,🐂🤐,658.02001953125,0.9264148046627797,-2.76907470358141,7.986687818608808,23.303011002114598,28.188664797521124,11.36286516891653,25.825536783457647,0.6573295130846291,49.69482419416874,2.46,679.6099853515625,437.5656433105469,626.1211511230468,544.1173722839355,691.3563415786734,628.1116637924204,True,0.09586390504173813,False,False,True
BROS,🐻🤐,38.04999923706055,-4.348918037515602,-0.4708352271281556,-13.325745069438785,-40.59329051660945,-28.017406739096362,-38.78700236411813,-22.156304407528282,0.9444107658365203,43.10774809778829,4.69,73.30999755859375,37.7400016784668,46.49640007019043,54.94484994888305,42.461078271733655,36.069921102656,True,0.16276775337108285,False,False,False
GRAB,🐻🤐,3.190000057220459,2.5723525666604186,0.630914209626635,4.5901674456700725,-16.052629019745137,-14.477210699509879,-37.20472233997138,-45.56314019557321,0.9669449406011066,66.86745517087849,3.55,6.119999885559082,2.7950000762939453,3.3317999935150144,3.7916499984264376,3.3035547118747814,2.80344525760764,True,0.1637823667156581,False,False,False
LULU,🐻🤐,94.5,1.9637458878197473,1.4601681546743845,-4.516521335323642,-19.451073776154264,-41.86761723717542,-55.17290399202527,-43.58545573461676,0.6600850159611678,30.941707871357536,1.94,215.8800048828125,91.87999725341797,109.43200057983398,142.02619987487793,104.7693342582081,90.442667542329,True,0.14678059323952572,False,False,False
HCA,🐂🤐,451.0899963378906,1.3662583849445977,3.717921091447549,5.851338810616244,24.290894493495827,-8.964772875643904,-3.5904341272499405,9.4029691007818,0.7076019594687214,64.90271877593526,3.24,542.2318725585938,359.9336853027344,420.2268585205078,443.6873718261719,446.8860496700263,416.91664808388,True,0.06938946049618491,False,False,True
XLP,,83.43000030517578,0.011990094042212815,2.949160121727629,0.7180371465410108,0.6697484990911463,3.6926925881875143,9.457288749939192,9.756208210996821,0.7016465314958628,59.843533185785695,0.0,88.30863952636719,73.58070373535156,83.63664245605469,82.81402462005616,84.14295674472689,80.143079937402,False,0.048694056879150335,False,False,False
CAVA,🐻🤐,53.63999938964844,-1.233662247653849,-0.8502755960200226,-4.008592762438093,-23.33857588417888,-36.30210192041312,-11.41205604373111,-13.692682103454096,0.4253861102587706,57.118054980664915,4.34,97.38999938964844,43.59000015258789,60.28199966430664,72.25334981918336,55.70018329169774,49.772816281056166,True,0.11239591240700335,False,False,False
BRKR,🛒,58.84000015258789,1.5884012650674617,-7.860946460670627,10.215158371089222,-1.5745277578085088,50.933313527960266,22.69372269587835,67.48716582220285,0.5834751709516558,43.27772452554507,5.52,64.75,32.65568542480469,58.69130844116211,49.57781253814697,67.3686167405515,54.879477436694586,False,0.20432448273179718,False,False,True
RELY,🐂🤐,24.1299991607666,2.593531850045421,5.325182546835775,9.731693551262012,2.593531850045421,39.39919067151125,82.52646500278637,60.97397951438827,0.5041068891690178,68.19484146730358,4.68,26.920000076293945,12.199999809265137,23.865299911499022,19.735700030326843,23.858014248138883,20.152985812896272,True,0.168368291113786,False,False,True
GIS,🐻🧊,32.290000915527344,-0.9205254239212537,1.9255069585712805,-9.930258605627536,-11.43718670777807,-4.950995127416711,-25.910199937416984,-31.346047752147832,0.6662075401219978,29.74025864648543,4.03,47.37641906738281,31.62261390686035,36.7096000289917,37.66733615875244,38.00086547335714,30.175134931000773,False,0.22957435155894337,False,False,False
TJX,🐻🔥,138.75999450683594,0.007203248170045045,3.236359442160211,10.10950500169727,-7.4113291873407166,-12.349376281081128,-9.224411511276257,0.05193059124408424,0.4690659766615714,74.10371415422453,1.95,167.88031005859375,122.83999633789062,138.81989212036132,151.4025044631958,140.9112735499399,122.35172464952304,False,0.14099625870214466,False,False,False
COMP,🐻,9.390000343322754,-1.3655473549363262,1.0764303754612718,-10.656516281334461,-19.606163544689764,31.697057399823734,-10.571425301688057,33.38068741766262,0.6057522159231578,36.09023904225348,3.55,13.579999923706055,6.679999828338623,10.851000061035156,10.05840001821518,10.675632371747781,8.47836762443752,False,0.2294314240104277,False,False,False
CVNA,🐻🤐,63.72999954223633,0.8386056533209204,0.015691025332175593,-7.85136470842609,-9.448704135689189,-11.306255957312594,-20.387261570707853,-3.2164986700582294,0.8528453693107672,39.664461881691295,9.24,95.69000244140625,56.25600051879883,68.72540000915528,71.28355995178222,68.83108607122668,60.23091458490126,True,0.1332719381786072,False,False,False
QXO,🐻🤐,10.8100004196167,-2.787765010186391,-9.00673135115179,-12.185214856773383,-25.242044321585045,-51.30630608957974,-45.18255174432939,-41.819157890176754,0.8899964276671973,33.5697453892209,6.22,27.06999969482422,10.8100004196167,13.119800052642823,18.184349989891054,12.824236954349258,10.83176308761241,True,0.1684539958744118,False,False,False
LYB,,60.029998779296875,-0.5137576607674572,1.3677770042169088,-5.746584905525896,3.586161000361711,-18.83969651474697,39.734699047683826,42.09027825181823,0.786703946778351,48.90050829347208,3.45,80.69412994384766,39.86776351928711,62.08975593566895,61.41974136352539,65.02477934814468,55.40722176574692,False,0.15971764138175382,False,False,False
SEI,🐂✨🤐,76.4000015258789,4.542966080514539,2.207359900841346,13.542458825144813,10.144346175641381,23.98427288398516,52.94630743428124,71.27124749093865,0.5847063020168667,61.0724094439926,5.83,82.71724700927734,40.391090393066406,62.37754608154297,61.939350299835205,79.93914807011295,60.5328512890179,True,0.27630128238555063,True,False,True
HIVE,🐻🧊,2.5,-2.343747817212667,-13.793106283217258,-17.49174839584818,-21.38364944912189,15.207369221371096,-8.424909064709247,-62.178518161832464,0.6698013484521314,9.836057884914155,4.2,6.920000076293945,1.75,2.939599995613098,2.897799999117851,3.593492255900705,2.4725077765242216,False,0.3695959358339673,False,False,False
GS,🐻🧊,895.3200073242188,1.442343566254079,0.20817779260630687,-13.006474999593765,-21.07851676975993,1.4459214465991856,-0.6468184125325055,19.43709974031312,0.8320332347720594,25.926202826413316,3.2,1146.455078125,730.2374267578125,987.704775390625,952.6382336425781,985.6592694637121,863.1827288273035,False,0.13249000266071437,False,False,False
LIN,🔥,483.7300109863281,0.42142385880289246,0.2798636116444317,3.7557397193982602,-7.122321372278657,-4.325714474379372,13.838656981117603,8.036686575003392,0.7332953809489786,73.29901887168889,2.96,544.8457641601562,385.5833435058594,477.2169921875,485.1477052307129,490.4388439870197,452.4841662668865,False,0.08050429845786226,False,False,True
SYK,🐻🤐,277.3299865722656,0.12997268656385866,-2.766290798215168,0.9610327510824853,-10.564114727292143,-19.666250097350275,-19.666342416578974,-23.0931086719193,0.5187964905253319,54.536079410160724,1.85,384.1690368652344,268.8984680175781,303.97639831542966,326.40594161987303,284.6352843899624,268.23097537566264,True,0.0593427749461651,False,False,False
OGN,🐂🚀,13.8100004196167,0.4363666881214489,0.8029241743286045,1.2463348388196058,2.4456425617291373,62.18866583882042,91.78448216606493,45.02678935011915,1.5269135525328132,68.5714752820837,7.09,13.8100004196167,5.683163642883301,13.695633792877198,11.038150477409364,13.79565521688006,13.634344611458562,False,0.011761619134597593,False,False,True
NNE,🐻🤐,15.34000015258789,0.5242458879826414,-1.0960675292407855,-6.520412582410595,-15.435497967317255,-29.858255308939448,-44.440420813186776,-66.52847580251805,0.7651812570213691,30.269051679750106,9.05,54.439998626708984,14.880000114440918,17.47299997329712,23.010499992370605,17.494642255579592,14.826357748235106,True,0.1651115068858984,False,False,False
MTDR,,54.279998779296875,-0.3671085987884415,2.3957753215920867,-11.08927197767093,4.226554625788154,-8.688910514763188,27.97295558109967,32.913329045859626,0.4452614019812198,50.870753879467536,8.2,64.51142120361328,36.03295135498047,54.95491935729981,52.74509414672852,61.02680243392058,47.65919686417513,False,0.24598578760971404,False,False,False
DJT,🐻🧊,8.109999656677246,-1.097562861967386,-6.025497692561263,-6.351041575355469,-10.18826249722637,-15.520840266512224,-41.103853398169335,-49.21728540342662,1.0030418396433969,24.365467489376456,4.52,16.559999465942383,7.059999942779541,9.02250015258789,9.847675037384032,9.506562501342252,8.103437727539585,False,0.15935545208016832,False,False,False
CPNG,,15.819999694824219,2.660609029668245,11.408450051542069,4.6296284031966,-10.822999442310175,-21.48883377508412,-32.30637943210635,-49.343580125805616,1.0878931342793763,69.2307668795011,4.86,32.130001068115234,13.75,15.370800113677978,17.915100045204163,15.542241261971077,13.249758650290888,False,0.15924441641192588,False,False,True
F,🐻🧊,12.170000076293945,-0.6530606016820791,0.16461282626847715,-12.884754161265983,-11.751755830367848,2.441373144052519,-5.608828996261905,11.633721700253147,0.6100170434245367,27.876089763606743,2.73,17.253143310546875,10.901723861694336,13.50253215789795,13.24866693019867,13.8726591362564,11.540340970555123,False,0.18355315436182124,False,False,False
VVV,🐻🔥,30.270000457763672,-1.8482480285473932,-0.23071751638817323,-0.9165263053663364,-22.165078599047746,-9.126390844177239,4.849323096062121,-9.017132427781315,0.9728543874351004,73.91872998128399,5.51,40.27000045776367,26.6200008392334,31.790199966430663,34.2612501335144,32.12615786575283,26.230842294464452,False,0.20204313296101506,False,False,False
CRCL,🐂🛒,84.51000213623047,4.539839144722562,1.4525798801241732,-6.721850375781371,33.67605268023207,-14.359544107340355,1.2459577097375094,-36.429967967332836,0.9606708859869185,31.73500539530977,1.88,143.2899932861328,50.22999954223633,83.3163998413086,86.03244983673096,97.34323844063108,75.98576012504275,False,0.2464386051073393,False,False,True
PHYS,,31.700000762939453,1.602564063376303,1.602564063376303,-3.530127285045412,3.6625272793580277,-11.79743468498231,-4.31633039261213,3.257328909278673,0.6515631690654871,37.90148274971982,0.0,40.93000030517578,29.6200008392334,32.75200004577637,34.285350008010866,33.3147253425534,30.5322753517215,False,0.0871599279707873,False,False,False
IREN,🐻🧊,35.189998626708984,-1.4561760601942366,-13.068184227640177,-19.712532154685054,-8.810576606465492,-18.295800148478257,-17.58782670268384,-41.12431260298231,1.0351669587306973,17.45944356534538,2.26,76.41000366210938,29.309999465942383,41.724799957275394,45.59010004043579,49.57613710415185,35.261362514378426,False,0.3374633777312969,False,False,False
XOP,🐂,191.52000427246094,-1.01814107435783,2.1766974914173383,-1.7557461334017963,15.938279952484672,14.545082866726503,50.4363106122132,57.646798313487835,0.7956082970963146,61.97382958844456,0.0,198.90689086914062,120.83013916015625,184.46287200927733,164.02329807281495,197.6924967161518,175.84400078140678,False,0.11698185361331562,False,False,True
CELH,🐻🤐,28.579999923706055,4.306570516803081,3.851742181360852,4.9963285990397805,-5.1758443846490705,-15.092097286793724,-40.14659701841664,-52.91598094813262,0.7472688095049645,53.899718599602004,4.29,64.86000061035156,23.770000457763672,29.26900001525879,36.052399969100954,29.3040470185651,26.558953088246426,True,0.09827950253548798,False,False,False
EQR,🚀,63.65999984741211,0.0,0.0,0.0,0.0,0.0,0.0,0.0,0.0,,3.47,63.65999984741211,63.65999984741211,0.0,0.0,999999.0,0.0,False,1.0,False,False,True
ENTG,🐂🔥,165.7899932861328,2.219613287216712,-0.6769739367411113,18.10928193573242,17.990768991526114,20.261581798962883,85.55512813342287,98.90551935061961,0.7021905498436677,77.61522233343132,4.22,183.84426879882812,68.6372299194336,146.13679962158204,134.01356128692626,177.1654852935982,125.18451470640181,False,0.34384634091084104,False,False,True
TTEK,,33.34000015258789,-0.20951719588122303,0.02999796274804687,-8.632505839915488,7.385910592394332,7.915213295038963,-0.2946936546975699,-1.0778921471754637,0.7461239415290001,30.151530126561212,5.64,42.34223175048828,26.126903533935547,35.2397282409668,32.895694952011105,37.2177907693613,31.695209718919955,False,0.16027690018751883,False,False,False
AEP,,122.80999755859375,0.40058687458471665,2.572449774747119,-0.4216364750997673,-8.29628029416376,-7.3005484469959345,8.478733030393478,8.185086100046737,0.6591461532525658,63.681091423542384,7.43,137.64207458496094,111.14847564697266,122.72185119628907,125.89538417816162,123.27892131475963,117.10507908196888,False,0.051366498790281136,False,False,True
IRM,🐻🤐,114.51000213623047,1.3631945639433347,1.9407106468800035,0.19078835556204699,-5.919007274592258,3.85119850168089,40.72077009953832,16.224389919048214,0.6592605524875416,44.60562479616607,4.09,132.03408813476562,77.09209442138672,117.35572341918946,111.69854858398438,117.80677942307335,109.13181920973915,True,0.07645204707878117,False,False,False
DBRG,🚀,15.90999984741211,-0.18820410138599275,0.5689011019218647,0.0,0.0,0.0,0.5689011019218647,0.5689011019218647,0.0,,3.65,15.9399995803833,15.819999694824219,0.0,0.0,999999.0,0.0,False,1.0,False,False,True
TTD,🐻🧊,12.079999923706055,-2.106971034577417,0.8347277570184223,-15.760113004419887,-36.219643172744455,-43.07257156175454,-67.94055247911788,-76.92895381418724,0.40099907236713495,19.387747489062747,3.25,54.130001068115234,11.920000076293945,13.901200084686279,21.973925089836122,15.078892916574759,10.784107285604197,False,0.3321181299460166,False,False,False
APLE,,16.309999465942383,0.5548714944382911,-0.548781430983693,5.405738721097938,-0.7798824600996711,34.43459141091332,42.299275493456975,54.86939725781783,0.629305057667966,68.94372422673827,7.21,16.822542190551758,10.474597930908203,15.942672729492188,13.907521414756776,16.736910239531035,15.176799019502171,False,0.09777059804399094,False,False,True
COF,🐻🤐,199.25999450683594,-0.07021032795072008,2.1113022087085507,-4.339898421737247,-2.5945467518768077,1.6562902340249683,-18.69059301801618,-0.0656372251914706,0.7455064785642137,39.32878484153159,2.52,254.95816040039062,174.73028564453125,209.80750335693358,203.326000289917,207.39717115435104,190.63182970014117,True,0.08424180860298064,False,False,False
T,⚡🧊,22.18000030517578,-9.808069948937009,-7.463967614042244,-13.926576615819478,5.4075838078863425,-11.24139983971301,-5.381625364642613,-10.172902001034014,3.9416274933091358,19.681636760955627,3.25,28.100418090820312,19.983495712280273,24.689116439819337,24.527352046966552,26.52404736766356,22.85581103077394,False,0.1485721691338707,False,False,False
SSRM,🐂,35.5099983215332,5.621652140672697,4.7183676830455665,-2.0143579556381463,27.808337189729976,10.865552635791271,65.16495144979916,58.39348766123751,0.8966673223127773,45.57164466763417,3.34,39.209999084472656,19.461639404296875,34.55141159057617,29.71391936302185,37.785575237451646,32.04642473203078,False,0.16437021731953708,False,False,True
GOOGL,🤐,351.6600036621094,0.9675830585168348,1.4979658911653342,3.887741111406019,-2.120657712906901,9.581469205589158,11.802020532879988,49.03602561286197,0.6471751937798469,46.88148002470388,2.99,402.1211853027344,235.9563751220703,346.1388287353516,339.6683969116211,355.04128109955155,336.80271914458905,True,0.052724492655935186,False,False,True
HBAN,🐻💀,15.319999694824219,-0.32531028696910447,0.19620492508853923,-8.234961051145513,-13.32444429864394,-6.069235489283981,-9.781902043497386,1.98107264652517,0.6163264709525198,33.177551767995254,1.81,18.719980239868164,14.598686218261719,16.45040515899658,16.570229144096373,16.43479562553934,14.715862409738977,False,0.11036256209121882,False,True,False
MDB,,385.92999267578125,3.926211480443973,7.432558770951155,6.548687717148442,11.970864200722728,63.432706730454534,-3.433004236266002,22.73565375884281,0.6396679002663798,43.56286632494724,0.86,472.2900085449219,225.9499969482422,395.1683984375,341.4226996612549,436.1638843150549,321.72511409803104,False,0.3019934857390533,False,False,False
V,🐂🚀,385.45001220703125,2.7592657784866454,4.257396639459128,4.049129303744505,8.467524089412356,25.074056594151244,11.915437668969554,13.060580972143187,0.9586046778679093,65.38306839974946,3.35,385.45001220703125,294.36175537109375,369.6349072265625,337.24332244873045,381.5421192941307,355.99588424590837,False,0.06927435583144294,False,False,True
AIG,💀,77.04000091552734,-0.01298135734498269,2.5559080121741244,2.9474713159641577,-1.835018106659115,0.3028120145794772,-6.815993695320261,-2.9055768066934067,0.9888310251702264,61.53135297736099,2.24,84.95122528076172,70.52943420410156,75.89744567871094,75.97696857452392,77.14962526473134,73.3951722511378,False,0.04987821665770663,False,True,True
CVX,🐂,211.97999572753906,0.2032581751729155,2.6686658954131106,-0.9716910467988477,17.644138261356012,12.518768218475104,39.768712874793486,47.973837398490026,0.6610036892082133,67.55387316952417,2.38,217.77000427246094,142.76339721679688,203.83282836914063,185.737513961792,215.53984326418347,200.03315630857045,False,0.07462798098796253,False,False,True
FAST,🐂,50.75,0.5149501146562416,0.11836925412619836,2.8994329157018415,11.562069288223055,12.009608852321906,27.557422282716352,13.264258506414158,0.751004815496975,58.84241888260194,4.95,52.380001068115234,38.516868591308594,50.191800079345704,46.131090049743655,51.37291409163282,48.77508624406053,False,0.05187977471071699,False,False,True
LUNR,🐻,13.1899995803833,-3.7226294597240006,-7.697693382828296,-8.083629060974411,-11.535883867412275,-45.96476991874429,-26.23042394025604,7.849550891899959,0.8999332422112427,32.789111868456786,5.07,45.70000076293945,8.050000190734863,15.443199977874755,20.25340003013611,16.241473231980063,12.98252664976432,False,0.22303220609109964,False,False,False
TVTX,🐻🧊,52.125,0.16333413331531052,-9.615048283339874,-21.225628770739284,-8.648792945176865,69.78826939615084,31.895241387225454,107.17408710700545,0.6044535417442005,20.80499369646246,8.16,67.5199966430664,25.15999984741211,62.022899780273434,45.47734992027283,67.2914318028704,51.48706741893134,False,0.26611490273886507,False,False,False
CORZ,🐻🧊,15.40999984741211,0.3255220823727517,-7.1686777512727815,-14.10256751019884,-30.239928741662798,-17.637623722810343,-3.627266616686736,-16.792659468039243,0.5999832298817707,22.429921035828542,5.85,29.15999984741211,13.569999694824219,18.10780002593994,19.819749999046326,18.828141122275046,14.903859037942237,False,0.23267414121271196,False,False,False
DIS,🐂,108.05000305175781,0.9624429461782628,4.28530297775392,1.4077897297397157,12.704704241400497,7.608157088748219,-2.657193250661922,0.38885064674587716,0.7892544991403269,62.733325839576295,2.3,114.99882507324219,91.71721649169922,105.14560012817383,103.19410892486572,108.80677041492565,101.2052290967931,False,0.07239149511271976,False,False,True
MPC,🐂🔥🚀,455.0299987792969,-1.7934988613704061,4.973815373123452,14.926882832014037,50.38759259896176,103.30122646745986,178.74088965174363,155.75232145250848,0.6508411771517427,74.45424843549564,2.32,463.3399963378906,160.76361083984375,378.7368670654297,267.4873421478271,459.8334142569044,368.04658757415024,False,0.22173944648921498,False,False,True
XYZ,🐻🤐,77.23999786376953,2.6717990391405264,1.3249304241885125,-2.487061284525756,-3.4379298330317596,20.274052313267543,18.55716969260274,3.441810309154477,1.2562587857085408,47.94602824886507,3.47,84.8499984741211,49.09000015258789,79.16419952392579,70.4257497215271,79.38757453956568,72.715425338364,True,0.08773198696352356,False,False,False
SCHW,🐻🧊,96.69999694824219,-0.17549890938332016,-1.286241474077543,-9.836832682291668,-4.073216603533681,0.5578790488518046,-3.850884257880095,6.498416807351956,0.7722614173452875,21.940473081159652,2.28,113.6500015258789,85.10184478759766,105.52103988647461,97.8598369216919,108.5685173919218,92.38248205876178,False,0.1610943501391474,False,False,False
BTI,,55.5,0.12628485375938656,4.9546121009149,2.073054431719235,-3.118282527060672,-2.5909065558451547,2.56530425832005,14.033164552556944,0.554732754424848,54.45090504189128,0.56,64.7522964477539,47.58407974243164,55.33009536743164,57.197372589111325,56.75215350572496,52.284562573986946,False,0.08194654227245726,False,False,True
WRBY,🐻,25.299999237060547,1.4027994525794922,-5.065667545192175,2.3876979945282018,-8.366538653479596,18.890970022091363,11.847914670183428,13.656778872061206,0.4293037906848232,58.246177859466265,5.41,30.34000015258789,16.489999771118164,25.661199951171874,25.190650005340576,28.579834387788505,21.987165429106025,False,0.26074985593588085,False,False,False
SVM,,10.489999771118164,1.7458714275023939,-0.5687243462743471,-11.922754781583755,11.83368489482589,-10.93254264193343,25.91190463189963,58.148399571515796,0.7828601370102273,30.2941131921783,14.28,15.693463325500488,6.083589553833008,11.649799957275391,11.255484657287598,12.390397209133157,9.793602806125632,False,0.23411417248660077,False,False,False
OKE,🐻,89.80000305175781,-0.5426933866441742,1.3772874186997508,-7.0585794876366625,-1.1200069357245004,7.769432829709558,25.395792166019,37.03092707651299,0.45788521742694793,43.968643128766374,6.35,97.51000213623047,61.951148986816406,92.08440017700195,85.84990146636963,96.04280078953234,84.4622002785829,False,0.12831334802274416,False,False,False
CLF,🐂,12.979999542236328,6.480721813348797,6.393440534145175,7.628516505879766,32.58426550371002,38.972155569396655,-4.558829572373851,-1.5174564363318936,1.5691153426088609,58.568737654765556,5.64,16.18000030517578,7.820000171661377,11.956800003051757,11.361150000095368,13.22590836648484,10.845091541962427,False,0.19781619655001614,False,False,True
ARES,🐻🧊🤐,117.22000122070312,0.8257346179537776,0.07684109057940736,-10.013114763315773,-1.5305699978645237,12.15978688541105,-27.084083765131194,-13.352823542548547,0.8009888317339463,27.95150088505153,6.99,171.19874572753906,93.26873779296875,131.36353286743164,126.04906135559082,129.7189440533958,112.07252628351829,True,0.14596393946642422,False,False,False
RUM,🧊,6.960000038146973,-0.5714280264718192,-5.69105785611174,-2.928870793757623,16.193661170169577,34.36293955205106,9.262168966838333,-6.702412834359683,0.5490266050046536,19.047615867432313,5.71,10.229999542236328,4.670000076293945,7.951600017547608,6.776425004005432,9.363748187697462,6.713751869522996,False,0.32965278292558226,False,False,False
NEOG,,11.850000381469727,1.1955622789639888,-8.916216963908594,0.5942330227954883,22.54395333998045,29.6498898944437,69.2857197352818,96.1920605349513,0.6599137934940094,32.67718198405075,2.85,13.979999542236328,5.409999847412109,12.127399997711182,10.113649995326996,14.276698755478685,11.224301172042066,False,0.2393943447011631,False,False,False
TWST,🐂,159.77999877929688,5.0838510834542845,-22.058537180830793,25.593457983158004,72.67913205143893,217.14965341757267,393.30040688534615,412.2795641020482,1.135911488749984,47.73831635814248,4.94,205.0,25.450000762939453,143.66020095825195,80.44175019264222,207.21331912958277,129.7266848377024,False,0.45994321469411414,False,False,True
RTX,🐻,185.97000122070312,0.8951789447262971,0.8897083347026482,-5.923710991978792,-3.517356335997563,-6.9733378214272905,0.39376678294688267,19.67681438164611,0.8129916019264745,32.39377579776479,3.44,225.49000549316406,154.70375061035156,203.1564794921875,193.93816139221192,198.63234255854027,179.25265500005347,False,0.1025692349984434,False,False,False
AGI,,32.900001525878906,2.1104912458502443,1.8260604379782317,-8.407563466073194,12.140528906468553,-31.571624148219442,-14.078766445706925,-0.1441821578834573,0.5306323655678072,39.134537504786316,1.97,55.158416748046875,27.799856185913086,34.31339599609375,38.789123611450194,36.80392516297617,30.750075119311433,False,0.1792299499176227,False,False,False
FSM,,10.920000076293945,2.921775962750433,-1.9748676862534873,-8.924101044619391,28.319621417081553,4.59770608432363,14.465410062463668,23.389826051967383,0.6371535404924898,40.094337288532834,4.01,13.65999984741211,7.840000152587891,11.308600025177002,10.325450034141541,12.342364026759626,10.421636007572651,False,0.16875136323055395,False,False,False
ITUB,🐂🔥🚀,10.15999984741211,3.357069443207481,2.419352512826054,22.012103940005066,18.961091515403535,12.076824074157845,43.6020837100515,67.34369174610173,1.3685574485035121,73.32138231252382,1.04,10.15999984741211,6.0713372230529785,8.159816150665284,8.16659252166748,10.234443147418295,7.158453361752239,False,0.3537064437822899,False,False,True
VRNS,🐂🤐,50.119998931884766,2.536820451459422,4.091375583751656,11.08156054601914,4.004981033774281,128.1292694507244,56.429455367447964,-18.451025580071715,0.9344829734034507,58.14179936659203,3.13,63.0,20.190000534057617,45.2007999420166,34.395574989318845,49.680422890237864,46.126577842184005,True,0.07418758589425728,False,False,True
HL,,17.06999969482422,2.032278313753272,0.3527305416522438,-13.700712324297085,10.150093970271671,-11.37928476982775,-9.482980869097682,36.24936372861464,0.7421081562974687,38.059700695861665,1.04,31.790325164794922,11.959020614624023,18.458165454864503,19.110421924591066,19.45947202910167,16.024528176891984,False,0.19360522107253755,False,False,False
PLNT,🐻,47.97999954223633,8.971158011470951,14.048014951944971,-5.4581289808151165,-5.7367424285006585,-31.691342537775224,-56.27449368960165,-48.75026902945906,1.0986326242328008,52.40061996206966,3.62,111.97000122070312,40.5,48.99380004882813,66.13855010986327,52.312943652794026,36.94505653031144,False,0.3443475563189098,False,False,False
XP,🐂🔥🚀,32.220001220703125,6.653433290779444,14.458265212528442,62.23565070742848,90.98992067487802,60.222657722367956,101.71420342367821,108.51309307600125,1.0204063092216313,91.44928531771113,2.33,32.220001220703125,14.9399995803833,19.62619998931885,18.42423007488251,31.45410894094941,14.244891226897266,False,0.7531551084638549,False,False,True
CHYM,,30.079999923706055,3.8674063350848096,6.327320432132775,-8.848485079678623,40.16775958518276,41.35337853904807,13.939395296781646,53.70465198147893,0.852134938185488,50.84566489628745,3.34,34.54999923706055,16.440000534057617,30.34450008392334,23.57360005378723,33.37366386030966,24.18483623887246,False,0.31928655561223596,False,False,False
GENI,🤐,6.650000095367432,0.3016588322970216,11.018369774095403,-2.4926696776392117,3.5825547716544226,60.6280268074634,-38.311685898951744,-42.1235837438117,0.7648209011107875,64.12698158000819,5.37,12.239999771118164,3.9200000762939453,7.051200008392334,6.558499999046326,6.914800793047139,5.473199218396953,True,0.23274161661582618,False,False,False
MUFG,🐻🤐,22.3799991607666,-0.4448415636390109,-2.5685684380707463,-6.320637369024467,-0.5333370632595485,22.764672094013562,40.13775069855,53.07797083413431,0.8429094035508629,37.06466670272599,2.4,24.1299991607666,14.619999885559082,22.85959991455078,19.757999968528747,23.90394970550148,22.244049867252425,True,0.0719381058167934,False,False,False
VZLA,,3.549999952316284,2.305473286641311,1.1396000558891188,-10.57934693368186,10.937496856786359,7.250755700473077,-35.68840643871835,-21.460177714677734,0.7371154812055775,30.597005498039536,6.85,6.860000133514404,2.9600000381469727,3.8210000133514406,3.9321500098705293,4.271080139583056,3.3209198918881966,False,0.25030564904007985,False,False,False
ELV,,412.70001220703125,2.933109615906589,4.61078350133949,-1.4377123127917644,-2.880508952275239,31.67426608099133,18.207023916475634,19.15598919614855,1.7853535679134915,52.591359150191714,3.9,424.9404602050781,276.68499755859375,398.6244708251953,364.4964305114746,424.2604968883809,379.8375072620097,False,0.11049148088188203,False,False,True
OKLO,🐻🧊,34.70000076293945,0.3760516900863554,-3.530721197286761,-4.196577599491767,-24.956748478885395,-35.66925909086441,-55.398458352431334,-76.42022295499984,0.6941297093262455,26.460489546126524,3.39,174.13999938964844,34.56999969482422,40.228200149536136,58.340249881744384,40.66074509248122,33.849255136400615,False,0.18283424869566198,False,False,False
SCCO,🐂🤐,209.2100067138672,5.310582330251927,1.9095004900071617,8.12445127624874,16.729263504464274,10.065626174046233,47.23727949905687,77.55419090279311,0.8840823741255583,62.78378445519858,10.15,219.6999969482422,114.69290924072266,199.4861456298828,182.10261978149413,211.6173129243758,188.54668854046795,True,0.11530584610037543,False,False,True
SNDK,🐻,1581.8199462890625,-1.7173471424748814,-7.178908402784747,-3.154867607500312,-10.012402030796954,66.07033556840551,474.7057122557285,1253.0236051149245,0.6416522903128015,36.558545256198414,0.47,2335.0,116.91000366210938,1582.4994946289062,1181.5230725097656,1900.089306119184,1494.838184115191,False,0.23873919143764427,False,False,False
FDX,🐻,291.7099914550781,-0.006862348917176784,0.8923275096651837,-6.133152566979443,-6.632925759585537,-1.9071290289642617,24.953624850086744,63.89351018767054,0.7484140764018886,44.967909100626756,3.22,338.02301025390625,177.98751831054688,310.4932482910156,298.519633102417,310.7924860015252,276.30551814886536,False,0.11748283117591966,False,False,False
EA,🚀,209.6999969482422,0.0,0.0,0.0,0.0,0.0,0.0,0.0,0.0,,4.0,209.6999969482422,209.6999969482422,0.0,0.0,999999.0,0.0,False,1.0,False,False,True
FIG,🐻✨🤐,22.5,-0.5744549959682711,2.2262597274995906,-3.0172445686194136,-5.699918589949792,17.309695735136703,-40.17548621414479,-63.15099984612513,0.6751964668441904,51.46805023677166,2.91,64.27999877929688,16.84000015258789,24.226200103759766,24.165250101089477,24.04951836994828,20.002481675828086,True,0.1837390670078426,True,False,False
GD,🐻🧊,331.2699890136719,0.901584318811325,0.34797599019284925,-6.469704609473576,-9.91222731781054,-1.8842201701520567,-1.7867038780529094,1.2988584875648466,0.8299077638172707,23.327422942534355,1.66,394.06158447265625,309.6608581542969,362.15935974121095,351.59516662597656,361.6466676930616,316.233807160454,False,0.13398486080432093,False,False,False
GNW,🐻,9.399999618530273,-3.490761402234183,-1.9812359857611157,-10.390850108395226,-3.1925892729024006,9.175377390873237,4.793749595326337,10.328628092557446,0.6950556589163401,35.48386246164975,1.83,10.600000381469727,7.940000057220459,9.881800003051758,9.111750018596648,10.46070733840961,8.910292760772519,False,0.16007584220729548,False,False,False
KMX,🐻,52.61000061035156,-2.193716834154497,-4.101348842448694,-14.20417339827194,-5.598419087587106,7.1923362828061626,33.90175460535603,21.867043877238316,0.5517848716626247,34.549733195683885,3.58,64.22000122070312,30.8799991607666,58.82019989013672,48.55300004959106,61.24158736259373,52.07841233223049,False,0.1617221153378057,False,False,False
NVDA,🐂,229.27999877929688,-0.5206512367610241,-4.026787510658479,5.034589688570126,8.37419458231948,21.390356014213875,21.692613314300186,25.480079807036127,0.7743783887649036,52.81898357392729,2.75,239.24000549316406,164.79331970214844,221.9403125,201.8288954925537,242.83149300147997,210.63650779197704,False,0.1419945184805528,False,False,True
ES,🐻💀,65.7300033569336,0.06089346025374791,1.6076686911077755,-2.9424163537447217,-10.900518389244393,-2.019072665235057,-0.08114947647743774,-4.951618937252729,0.7734726638638885,40.49185720307026,3.71,74.51274871826172,60.74296188354492,68.44871055603028,68.7605331993103,68.27510698316696,62.58113653184769,False,0.08702634736211022,False,True,False
MDLZ,,60.40999984741211,-0.42854512836673614,3.2826091876351637,-2.395519891879012,3.6466649174187205,6.544871194098928,15.53990569224562,1.802833898057532,0.6098052199895495,54.76661740114001,4.12,64.42029571533203,50.19940948486328,61.20210075378418,58.749820728302005,62.49589260877241,57.39952441393267,False,0.08501356134195891,False,False,False
MGM,🐻🧊💀,29.270000457763672,-2.465843936935339,-2.983094518575913,-26.623211567761228,-37.28304776913357,-20.353740250983208,-19.786245241429345,-6.425831792708283,1.0006145988757695,5.293033854518768,4.33,50.689998626708984,29.270000457763672,39.394000129699705,39.57565005302429,42.00914220427354,26.058858398448628,False,0.46865733280219274,False,True,False
OCUL,🐻🧊,7.539999961853027,0.39946380901319983,3.99999947383486,-28.122019767696205,-22.268040101907477,-14.898416997447791,-36.209812550547966,-35.9932077014465,0.689046283548794,26.7992430570971,9.49,16.110000610351562,6.880000114440918,9.650099945068359,9.477850000858307,11.543419902131205,5.975080044463034,False,0.6357096640287068,False,False,False
COO,🐻🤐,54.369998931884766,0.12891288362384162,-4.227587645810368,0.8532722793074503,-20.639326760242472,-24.170151679179796,-32.96757671957672,-20.47682207442526,0.6404343346534016,51.55279444239098,1.62,84.31999969482422,53.27000045776367,65.33100021362304,70.69834993362427,57.80574874506377,53.0022514380417,True,0.08669946753094536,False,False,False
CDNS,🔥,352.8399963378906,1.1466575054442874,-0.1810610582057084,21.933857100491498,-6.358808978582782,22.428862384788737,13.672681467757894,7.902139552871751,0.5208808774492901,84.31652106768888,2.19,416.3900146484375,265.6600036621094,320.50840087890623,326.6473504638672,380.7927687445534,259.7692338189231,False,0.37786673090599837,False,False,True
PEP,🐻,125.97000122070312,-1.846653564604935,0.25467544046015117,-7.592433646881731,-6.005369677387843,-17.465214314692656,-8.736109472847302,-12.663749452929856,0.9422095021892256,39.98896101923213,2.57,165.4534454345703,123.7300033569336,134.77343933105467,144.087392578125,136.21914144008068,121.99385752232169,False,0.11018255451833614,False,False,False
TXG,🐂,80.6500015258789,4.360769668496484,-17.48516135810719,17.582746510989487,76.1301592342414,242.02714922317602,385.25870910605147,603.1386194271686,0.9249625685093544,51.33184687504179,5.24,97.73999786376953,11.470000267028809,68.3526000213623,36.407750043869015,97.0074093503596,66.95059083274587,False,0.3666404626068479,False,False,True
LQDA,🐻🧊,27.3799991607666,-2.2840873895123055,-0.9406665507351987,-58.97512730423669,-64.20447127017702,-29.52380891596413,-12.80254938408128,18.06812647785588,0.7508485185919153,20.59044670201176,5.68,91.02999877929688,22.020000457763672,66.06599994659423,54.01030016899109,93.19093677854168,11.166061855796698,False,1.572005251131378,False,False,False
AMH,🐻🤐,30.850000381469727,1.1807169991932085,2.5598419538453334,-0.9680517690275723,-7.928951366007676,5.839960810981301,-0.204621961173532,-1.1531823665371466,0.7500146744491355,44.38042040761136,4.35,34.44682312011719,26.825756072998047,32.29691112518311,31.06585138320923,31.699562174115194,29.867437833514202,True,0.05951644031295837,False,False,False
VLO,🐂,433.75,-2.2645308853989956,3.4388223808194764,11.0983005691346,44.45353616486163,80.72332970609723,166.26987862651015,180.3103050096687,0.876341271918346,69.48027592121824,2.3,443.79998779296875,153.14308166503906,367.50160034179686,265.5719061279297,440.8053337118648,363.71766128325237,False,0.19163572180825064,False,False,True
LKQ,🐻🧊🤐,21.84000015258789,-0.772376531240871,-2.4999976583889154,-9.41518208335944,-11.1169053193937,-26.316133577872648,-24.826845937198417,-20.482439427882177,0.7418439140186747,25.362292800307387,4.95,33.667720794677734,21.84000015258789,24.0330025100708,27.472767419815064,24.111931996517455,21.80806807977649,True,0.10034250491782241,False,False,False
DAL,🐻,82.16999816894531,0.03652152364229935,-1.0953341863904755,2.8281747006195554,-3.9059804512272387,23.178851574334637,19.9186704912305,44.51799184379767,1.4937542524838265,48.803474885531486,3.63,93.42931365966797,55.21602249145508,83.64580001831055,75.85170738220215,86.49712358178861,78.1108773642563,False,0.10189354307608844,False,False,False
LMT,🐻🧊,509.5899963378906,0.3347145327576199,0.5842511155182754,-2.785250774626822,-0.43652736908904216,-16.716641933398428,4.3753429277897995,3.5060886882546862,0.6952199314790684,28.722129721738753,2.27,668.1660766601562,431.37786865234375,547.4998321533203,557.9162973022461,543.7661644282537,494.3498481449885,False,0.09520384173783017,False,False,False
OPEN,🐻🧊🤐,2.2200000286102295,-3.056765694710106,-3.896100276999047,-20.430105413486185,-51.20879262531018,-49.08256971036409,-63.42668919558516,-70.67371230821242,0.9498718429101556,23.86363759513712,7.49,9.369999885559082,2.2200000286102295,3.0371999883651735,4.535050014257431,2.8205168777339265,2.143483085072775,True,0.27277751721752597,False,False,False
KTOS,🐻🧊,42.36000061035156,1.025519442037072,0.8091388597904494,-9.27393048557609,-15.885623318192712,-42.406527732510845,-46.57586061137727,-55.236181084406034,0.9120285064687003,25.945949130499457,2.46,130.72000122070312,41.93000030517578,50.69239982604981,68.15039999008178,49.82445952686064,40.1685401221872,False,0.21459267814895208,False,False,False
NCLH,🐻🤐,15.569999694824219,0.516461748793685,4.7074634475615404,5.060728849150599,-19.989720311715278,-23.149064566009937,-31.650574075917664,-30.64588344902316,0.7475469747161274,67.36293227863041,5.12,25.020000457763672,14.119999885559082,16.308999996185303,19.262800035476683,15.611462751170734,13.740537294605634,True,0.1274819742196286,False,False,False
JCI,🐂🔥🚀,157.44000244140625,2.2337678190949677,0.3761532132177589,8.130108820851214,8.703358535235816,10.851145045959015,29.838658479950958,50.455383977372456,0.7733605918536194,71.814959257413,2.78,158.75999450683594,104.64231872558594,147.15558319091798,137.9054702758789,161.8476776855575,135.1456542236222,False,0.17981564293235222,False,False,True
JEF,🐻🧊💀🤐,44.380001068115234,-0.04504607449622371,-3.184989266170917,-14.588141166119792,-17.146460520912665,-2.5042125581371573,-28.473395483168733,-10.158461249051308,0.5406243152679874,29.12155937086426,3.08,64.78450012207031,35.48208999633789,51.04477249145508,51.624933605194094,49.77286593274275,43.4781342808803,True,0.135006201272742,False,True,False
NTR,🐻🧊,67.4800033569336,-3.4206373203060365,-3.9567302800626205,-13.321102215713246,-0.9329934452556593,-7.748797726412721,9.425277032274172,15.496337796211307,1.8552283188724592,21.016632710770708,4.55,81.95665740966797,52.372589111328125,72.24871414184571,69.46220760345459,79.23886370115513,66.39288526124723,False,0.17641727894408976,False,False,False
FTI,🐻🤐,69.56999969482422,-0.08616625155877752,-0.9679719646630338,-8.868217144131801,-6.6466275918015665,-7.155773436228871,47.359396023370195,95.01929409470029,0.5086917285308706,41.158537294523654,4.44,80.08000183105469,35.4541130065918,73.70718276977539,67.52278499603271,74.24833706122249,67.10066119927555,True,0.10113514704609626,False,False,False
DNN,🐻🧊🤐,2.430000066757202,2.9661091005486964,-7.6045642198092285,-19.536421122370466,-23.343848319457422,-34.852545460286564,-19.80197723755642,-15.625001034802818,0.8460014986237921,28.70370983586652,3.75,4.369999885559082,2.2699999809265137,3.040000014305115,3.384050005674362,3.0274205992062164,2.352579396025412,True,0.25087033597729586,False,False,False
CIBR,🐂🤐🚀,110.0,3.5781574020287295,3.7637937773476295,16.5287840140178,16.122841541215905,74.23290360358253,56.04020617162029,46.51939309456712,0.9578951717868727,69.29171712629642,0.0,110.0,60.686065673828125,99.23056228637695,80.719033908844,109.00132969285795,97.87782603834322,True,0.10753624370903316,False,False,True
QS,🐻🧊,4.579999923706055,0.0,-0.8658000615553437,-13.257580649370905,-28.66043817323538,-28.881989394223563,-58.58951401500235,-68.84353752971231,0.9481712009715765,24.757287621171002,9.98,18.440000534057617,4.519999980926514,5.356800003051758,7.1630500173568725,5.293300342899432,4.332699679988751,False,0.1995845960163341,False,False,False
DECK,🐻🤐,82.88999938964844,0.39971153199281717,3.3412296917661797,1.9933589436418941,-22.24202572594656,-23.349362070014053,-22.380373931061396,-12.811612858182098,0.6221145034208084,61.6666320890523,3.45,120.94000244140625,77.51000213623047,85.92600006103515,100.7764500427246,82.60771407062911,76.46428605144119,True,0.07724084709406452,False,False,False
INTR,🐂🔥,7.679999828338623,6.077349048762529,17.073169136104084,34.5008717518496,34.7368436022589,-8.023958353558461,-7.961948686076603,-7.743594284890759,1.8830516000569704,81.49252860310926,1.91,10.082375526428223,5.039999961853027,5.602399988174438,6.947265946865082,7.4601870299980835,4.116812920410853,False,0.5775890341036293,False,False,True
GE,🐻🤐,308.20001220703125,0.8441911952961269,0.6071736930782756,-4.631813815608313,-12.73890721727516,-0.9126465986062168,-3.5062741333492324,6.301281792184958,0.6294559880156463,37.69606777161118,2.68,380.6412048339844,272.4954528808594,336.2315496826172,323.0808934020996,325.175819906958,301.47342325710446,True,0.0756480500325061,False,False,False
RGTI,🐻🧊,14.029999732971191,-0.7779392339513443,-7.392738704687407,-8.120502211000467,-12.911240214627032,-7.27032632616985,-40.550849550039494,-68.055554831759,0.6531926126452847,17.532482491421277,3.99,56.34000015258789,12.899999618530273,16.155600090026855,18.09277503967285,17.059407431581224,13.990092556974686,False,0.19770462492071136,False,False,False
MCHP,🐻,75.55000305175781,0.03973306412237662,-7.289231767979517,1.8194153086789404,-12.748764295692158,3.85591360521708,18.15438429571832,28.3377321154337,0.9134274856464686,52.08899604165821,4.03,102.09573364257812,47.768829345703125,75.90490921020508,78.54482261657715,83.19817774653853,69.03582112431107,False,0.18606036400899312,False,False,False
NIO,🐻🤐,3.5799999237060547,4.985332363531411,4.678358007099575,-2.9810333823480573,-28.542918959006474,-44.66769644825583,-30.350194227654125,-46.646797267460165,1.438566242315539,45.26314891276087,3.27,7.420000076293945,3.369999885559082,4.0362000036239625,5.015650001764297,3.773701121704002,3.3282989002305077,True,0.12543008169469744,False,False,False
VIK,🐻,81.62000274658203,-0.024493683507966473,0.7281302926983407,-3.987765326973979,-16.415769102726184,4.360060992234914,12.937604175760905,40.24055270898887,0.4624089010188988,33.749096704026215,1.92,108.26000213623047,57.08000183105469,89.65580032348633,84.21255039215087,87.01860820653718,76.51239231226165,False,0.12849203956368843,False,False,False
MARA,🐻🧊,9.649999618530273,-2.623614862615081,-13.607882250507444,-19.449081909322924,-20.64144950968905,-6.853282448608597,-2.623614862615081,-48.257373641218614,0.8025002056692397,8.46681682491041,2.27,22.84000015258789,6.730000019073486,11.149200000762939,10.97879998922348,14.013737200082696,9.418262674032293,False,0.39223920713032784,False,False,False
KSS,🐂🔥,20.350000381469727,1.193434927071185,4.1986670045789065,18.107956599681053,24.696357363607856,53.40583830882433,-2.2781484758777464,49.96989500747688,0.816559341284773,75.97864448621907,7.75,23.984235763549805,11.550614356994629,18.352435035705568,16.613929796218873,20.778519279277297,15.576480835163622,False,0.2861800812949151,False,False,True
VRT,🐻🤐,242.77999877929688,-0.38977432605553003,-4.274109512888328,-5.531963857737965,-20.00806212319403,-19.02585500368665,38.3451066905977,43.80127285053392,0.6954042434717578,43.531859620132906,2.75,376.0595397949219,149.7264862060547,259.56171630859376,266.7499439239502,257.6396627443939,234.93233585179752,True,0.09219901641713803,False,False,False
SRE,🐻,81.33999633789062,1.573419677854349,4.068567715949143,-1.580060921904219,-12.143130261657229,-14.154254750368139,-7.273115020553797,-7.10413900559376,0.959615800680946,54.1213148826779,3.27,98.21725463867188,76.88999938964844,82.4154246520996,88.56176063537598,82.55695789301075,76.39418346441113,False,0.07754300316399536,False,False,False
VRTX,🤐,510.0799865722656,1.3571756725813462,1.3068493688710279,-1.0398913246454784,7.0899181597626715,15.914100834436118,12.817105934934172,25.083983394378716,1.4454867584900872,49.41668354052953,4.39,557.9600219726562,407.3699951171875,520.4640008544922,474.9001997375488,530.459320527008,497.15668289096084,True,0.06481533476566882,False,False,False
COLB,🐻,28.3700008392334,-0.5608126307792312,-1.6296786091116504,-5.778810148944224,-10.95750525264509,-0.27707645089517674,4.417716327648388,19.77695664820226,0.5612434781998076,32.57402822878822,3.76,33.204795837402344,22.896169662475586,30.099906044006346,29.23204176902771,30.40583691667913,27.960163258796943,False,0.08380473736522379,False,False,False
OKTA,🐂🔥🤐🚀,232.1300048828125,5.41301385292346,6.340195163476096,39.41742035003754,50.12935727159974,254.61351684906234,177.53468026871084,159.79855494910336,0.6536653271347149,80.30303614125759,1.96,232.1300048828125,62.93000030517578,173.11010009765624,115.42047527313233,231.30170773719146,176.71229220177338,True,0.2675859923609688,False,False,True
UPWK,🐻🤐,8.600000381469727,0.3500663677225856,2.8708221847926585,-1.3761454344538677,-4.761897721119642,-21.889189803012986,-56.65322421709781,-48.809519214154165,0.6364098221845893,57.32485353208626,6.26,22.110000610351562,7.840000152587891,8.662399921417236,11.4680499958992,8.751796887163227,7.935203101392681,True,0.09787185070181253,False,False,False
AXON,🐻🤐,422.8900146484375,1.337139565907541,2.6905653470123068,-11.776605774758066,-22.72594249494887,17.590303619476533,-24.946311920026563,-39.847517598731216,0.6415950190150137,34.959279487045535,3.56,759.4400024414062,345.94000244140625,518.6832012939453,493.0313003540039,479.88541520417925,391.92258040128945,True,0.20179405384278407,False,False,False
TAP,🐻,37.20000076293945,-1.8987274281977768,1.861994240559277,-4.443872408617277,-3.1559224528935967,-14.705043706007759,-18.826340476715682,-15.429005989409456,0.3937877671206632,46.99999491373698,4.2,52.576141357421875,35.95000076293945,39.52513298034668,42.159567260742186,39.42937024442031,35.135630289637305,False,0.11516770399060985,False,False,False
GTES,,26.670000076293945,-0.26177896568206155,-4.099242759945184,2.4193515307863933,1.6387206895065367,3.976610030928793,20.897555403248184,9.079751509535729,0.6754975689175868,60.33897790029351,6.54,29.84000015258789,21.040000915527344,26.74159996032715,25.50114999771118,28.132992930875186,24.804007343783017,False,0.12577159906379543,False,False,False
IOVA,🐂🔥🚀,14.619999885559082,9.842219569066762,3.3215567469932297,69.9999911286114,272.01016888589066,322.543344635017,480.1587300085547,596.1905023570516,0.8733603329292572,74.207647903918,3.69,14.819999694824219,1.809999942779541,9.153999996185302,5.009449998140335,15.926501020586059,7.89849888404651,False,0.673914137978953,False,False,True
NFLX,🐻,70.30000305175781,-1.774481833843363,4.148152669270833,-9.173124462726514,-4.392759120306828,-31.853431023501432,-22.73875733351355,-42.38082651313329,0.7777510146616553,39.75904598879797,2.46,124.13500213623047,67.05999755859375,75.32620025634766,83.45434986114502,78.66542820665025,64.6605735328517,False,0.1954265730408453,False,False,False
LEGN,🐻🤐,18.6200008392334,-0.48101683400907774,-0.825559427143192,-0.1072883641087729,-27.463962665006648,5.25720902826035,-13.435608363071921,-41.26182841925327,0.5733567238411678,50.865386590450925,7.36,36.279998779296875,16.649999618530273,19.754899978637695,22.330425014495848,19.904149112969392,17.23035100910092,True,0.14400614496379557,False,False,False
AU,,94.16000366210938,3.7232924964340692,-0.3386956852819957,-9.82569879979875,17.939409287135764,-12.108082416752488,13.924093865757076,36.97686294178383,0.9265274919645132,36.15960682660944,1.8,123.84212493896484,60.79034423828125,100.84980117797852,95.42162593841553,105.73906245308937,88.54693684500633,False,0.1769775039909585,False,False,False
OXY,🐂,60.11000061035156,-0.28201422094868767,3.0869476842184387,-2.19654815201935,10.65755159321836,4.486296641938261,43.82438639170512,45.44934616692506,0.6937942599054614,62.39168277059391,2.49,65.63427734375,38.381858825683594,58.5748941040039,54.0874956703186,62.469768116198026,54.144232204236545,False,0.14278793093598344,False,False,True
TECK,🐂🤐,68.05000305175781,4.983035131349291,0.2652133459429485,2.5625664484279707,13.400860590154382,18.87846446467606,42.32246610896861,63.30022272081904,1.0450210935408533,53.589319353322615,4.61,71.87223052978516,38.05803680419922,66.56765579223632,59.30217430114746,68.88645821338136,63.47454261059326,True,0.08177507829493287,False,False,True
VST,🐂,161.47999572753906,3.420005353378174,11.450063087705338,9.006901596803488,2.0920630853572466,2.383670937412445,-1.83870060828405,-17.49565600553337,1.033431174474898,69.38928528652826,2.21,209.63223266601562,134.3016815185547,143.73268768310547,154.30543647766115,162.31756068983378,126.48086460313499,False,0.2481779189089733,False,False,True
CC,🐻,13.609999656677246,-1.590746697342386,-2.015843626527415,-9.447771799881687,-26.522060858029405,-40.40100422489085,12.716095631041775,10.816461484631576,1.0560428155715187,37.07865559833397,8.28,27.6805477142334,10.329928398132324,15.00649377822876,18.257887225151062,15.030746884312139,13.322252898250118,False,0.12051592418187673,False,False,False
STEM,🐻🤐,4.159999847412109,-0.9523800873701953,-2.1176506491268383,-11.864406094746942,-37.065056529729276,-56.891191586951685,-75.47169768882415,-80.02880526812808,0.41543625854975896,46.846846653341004,7.01,29.790000915527344,3.819999933242798,5.139599986076355,9.401450020074844,4.942640102786972,3.800359903888748,True,0.2613016580180797,False,False,False
SEZL,,128.63999938964844,9.742363120644926,16.04871552585594,8.219059827814576,-29.469817522818953,109.81894716722181,97.45202820686046,66.30898762420452,1.32309963099631,64.11064621570111,8.57,188.5500030517578,50.970001220703125,122.9359001159668,104.18047521591187,124.52303199486444,102.17946815772346,False,0.19711793052217838,False,False,True
AXP,🐻,308.1700134277344,0.33209166580474253,1.6785632654376368,-4.794366470198468,-12.937767680122276,-4.277272727703603,-16.575198943330932,-1.4608184357702718,0.7261311484641157,43.23067245135407,3.41,380.6043701171875,289.6576843261719,323.7094470214844,328.449873046875,321.49056389653373,293.93427741206,False,0.08955207731257675,False,False,False
AFRM,,80.69999694824219,4.601419769476587,7.959862138116638,12.961917959662461,-4.440497496167234,55.28188388052988,9.009858542386786,13.438287377866947,1.3747494436613796,68.65093876665078,3.79,85.77999877929688,42.529998779296875,73.77919967651367,66.81434999465942,78.48750540398642,65.73949273444133,False,0.17677706440661914,False,False,True
SPIR,🐻🧊,10.270000457763672,-1.0597269312570796,-5.69329537201748,-10.070049131763884,-29.172410636112605,-55.61797437921323,31.498086210082977,-15.750608603050145,0.39747527692048296,19.928817168318858,5.73,25.479999542236328,7.019999980926514,12.443399944305419,13.797849969863892,12.636584428420642,10.162415644058607,False,0.2170418681956682,False,False,False
UPST,🐻🤐,24.100000381469727,-0.3720551905783445,-1.0266940290902387,-5.822586018888639,-24.022695765559668,-14.11261282908817,-47.425828313159016,-50.3911085362211,0.5996594443848546,38.78787318317671,6.55,52.7400016784668,22.809999465942383,27.162999992370604,31.678400058746337,26.29778668257211,22.291213637862462,True,0.16491687494235785,False,False,False
FLNC,🐻🤐,7.429999828338623,-0.2684561266919879,-2.875820448185784,-25.17623766369968,-52.402306266801176,-45.567765304167615,-67.70969250572806,-43.23911580039429,0.49800239955134296,50.68493105945084,4.03,32.22999954223633,7.269999980926514,10.292100009918213,16.633050003051757,9.115715299180494,6.554284681746021,True,0.32692158526512305,False,False,False
OTIS,🐻,65.94999694824219,-0.2420264114841371,0.10625333597837551,-4.558613017999741,-8.558782323687726,-18.366448434445246,-24.090187643282636,-24.69139556175543,0.720001403853578,46.77267407005624,3.63,92.49552917480469,64.05000305175781,69.65064208984376,76.8304471206665,70.20838726367887,63.36661197338169,False,0.10244095570840814,False,False,False
META,🐂🛒✨🤐,718.6699829101562,-0.30795706601150685,-3.1311552418741138,10.988238989110329,8.803885219079984,13.454629090400338,10.779366362920909,2.2412836460855967,0.5754963759538931,43.87544785511297,1.44,777.5900268554688,524.8189697265625,639.3998278808593,629.1808837890625,782.6048620723402,655.4964013553943,True,0.17677261532192964,True,False,True
DVN,🐂,48.2599983215332,-1.3491411940221227,0.5835739515803763,-3.2997232083373205,11.918310606252282,3.486412114330962,29.848244348614617,52.27722175208848,0.5124485914469215,53.59827252761661,2.18,51.36956787109375,30.951086044311523,47.169889221191404,44.402810153961184,50.36858174543481,45.65741846818824,False,0.09812265983725113,False,False,True
IBKR,🐻,87.87000274658203,1.619060374829404,-1.3250985566950955,-3.830578849502035,-8.012182300984334,18.093396066033804,31.09205504973106,27.86807002242213,0.6177872793662361,35.53630987068057,3.61,98.10118865966797,60.792789459228516,90.40986480712891,81.77784894943237,93.14721778181885,84.40978218766358,False,0.0984183737690659,False,False,False
UBS,🐻🤐,48.130001068115234,2.2736924428385143,-0.1037759168614527,-11.817516574852075,-10.572275471893363,15.8142513223368,4.822964794679107,24.23656541630455,0.697233194929978,36.74207457477328,2.63,55.720001220703125,35.49435043334961,52.05060005187988,46.63670154571533,52.31755842693365,45.92244134418451,True,0.1301937519879607,False,False,False
SLB,🤐,48.95000076293945,-0.06124699791188548,-2.6451830720908003,-12.68284059254237,3.5001782949294147,-4.734269770278905,23.765286380527108,58.09177589317527,0.5505293383742362,34.44076446036601,4.04,59.78976821899414,30.963027954101562,52.67727912902832,50.35426326751709,54.228659953146995,47.310339985817855,True,0.13626921619255156,False,False,False
C,🐻,129.63999938964844,1.2179868334570152,0.8479162287158889,-6.612885355300478,-2.2292222538557267,3.6708007456265395,10.865938146417745,40.93741164027255,0.6443167798419309,34.84594625322379,2.21,144.93312072753906,91.98409271240234,133.6161994934082,125.4428246307373,136.8942311463853,125.58576839585103,False,0.08616628139481985,False,False,False
IP,🐻🧊💀,32.119998931884766,0.7528223884444823,0.21840778936205288,-6.519213150979854,-10.997862696765083,-10.039858872645736,-17.26873178169843,-26.217388359314338,0.6370739868793527,19.075085665397054,8.38,47.4478759765625,28.622211456298828,37.08829071044922,37.12953677177429,36.523686493887844,30.877313338265473,False,0.16754567943156226,False,True,False
BE,🐂🤐,280.5,2.8150401252113313,-2.145471490470456,1.7225747960108795,15.242402232472486,58.770590879705864,184.2233185337462,222.89627159133073,0.5052299214428722,52.40077791042477,1.22,345.8500061035156,76.97000122070312,246.4810009765625,212.42975074768066,299.34225703557456,254.4217444292692,True,0.1622370269193353,False,False,True
MMM,🤐,159.9600067138672,-2.212981462688959,-1.9792852988643101,-3.0369124506057177,2.6058586649709143,5.694832223399395,0.24456940876186928,9.521197184643624,0.7798441100763013,40.420663952567644,3.24,182.97898864746094,139.8612518310547,171.62474975585937,159.53648040771483,171.14839611714186,158.96160601908863,True,0.07383472187567314,False,False,False
ANF,🐂🤐,142.5800018310547,0.827380057029736,0.8345176700885635,-1.8246877190962234,53.52643223250273,52.81886084393693,15.225476234472618,94.35659847982028,0.8334233957119224,62.17575064961597,3.08,152.0800018310547,65.61000061035156,129.18899948120117,101.95414989471436,143.48141146528644,131.14058865678385,True,0.08987497580686953,False,False,True
OBDC,🐻🧊,10.109999656677246,-0.5899746230735919,-0.5899746230735919,-6.06059666227265,-5.123385833424023,-1.874401935798103,-11.605550627197593,-5.738748155872683,0.7054057956498154,17.17347176960719,6.65,11.919198036193848,9.86199951171875,10.806361103057862,10.678448052406312,11.114103737717201,9.90464063560433,False,0.11508423915636047,False,False,False
TFC,🐻🧊,46.11000061035156,-0.15158010905507355,-0.47485692209850006,-8.511906320726112,-10.361941693948738,-5.900932173556701,-4.43578344060938,13.649845242951969,0.7868195586125705,24.869570524796202,3.93,54.138484954833984,39.402103424072266,49.6703498840332,48.981641578674314,50.17933594366825,44.613664086849326,False,0.1174279082849391,False,False,False
STWD,🐻🧊,12.710000038146973,-0.31372519100413604,-2.0801195193481274,-15.81601308498278,-20.83360707397294,-24.059847951045118,-24.44561290922408,-22.359866309425218,0.7797715348219136,10.06233754950442,4.95,17.26282501220703,12.65999984741211,14.852532768249512,15.96030270576477,15.297016036529515,12.26853295562747,False,0.21972956763993468,False,False,False
BALL,🐻,58.459999084472656,0.15418905985062098,2.3638565219633314,-2.404010692360531,-2.9998885364519663,-7.4503187375604725,10.660709570171846,25.879904089392593,0.7800075896948809,42.01788959314817,3.91,67.0971908569336,45.77046203613281,60.9035319519043,59.87315269470215,61.93071475374345,54.80928501737471,False,0.12200496402828678,False,False,False
LLY,🐂🤐,1179.27001953125,0.8267821603252062,3.162399797788207,5.69777459366241,2.465841996975424,27.265110507172395,9.682635431472509,42.37812460506628,0.6058601442731397,54.113740825353275,3.01,1280.3399658203125,794.5587768554688,1173.631220703125,1074.1533856201172,1197.006511480212,1125.627472894788,True,0.061463871678112465,False,False,True
CCI,⚡🐂,79.63999938964844,15.604587161043462,17.845512328843828,6.847375310298914,2.211246829329431,-6.131367314163951,-6.693935305214635,-14.182082158039993,3.8035475212154775,65.0845830291853,2.67,94.0279541015625,66.12000274658203,72.69022247314453,80.62286277770995,77.31822562468258,63.12647423493655,False,0.2020973579484499,False,False,True
WEC,🐻🤐,103.73999786376953,0.1254678628049162,2.408681874140752,-1.5095451814720957,-9.044505043941548,-9.266902359656862,-0.03736080398803425,-6.8117358990940655,0.45586127040141156,51.313102355554115,5.15,117.82293701171875,100.77999877929688,105.44784881591796,109.8359882736206,105.203734906577,100.09026533756362,True,0.049816064404535086,False,False,False
PCVX,🐂,71.37999725341797,9.790045256514997,-3.3053406278696142,20.026897239357464,26.98807759478481,15.595137252498734,53.637534782633686,63.3409519616142,1.3269209220062206,64.87582747374984,12.15,73.81999969482422,40.31999969482422,59.94219985961914,55.73319990158081,71.13365844814237,50.049340590553925,False,0.347974848367233,False,False,True
BX,🐻🧊,114.29000091552734,1.4288255289236182,2.3645314407241833,-11.065282234178431,-7.309039457866047,-4.346036245170678,-25.768282093054097,-22.659708207295797,0.8418131945866846,23.85676749996462,5.39,158.52069091796875,100.16072845458984,130.61580001831055,125.6347887802124,130.2732577175074,105.98474093971916,False,0.20561011196092518,False,False,False
PAYX,🐻🧊,103.9800033569336,-0.45950194499897423,4.209265012045849,-10.207253353474583,-4.06988656851982,19.137910054676873,-0.993978146399437,-13.532655334082907,0.5393236991462775,29.398562583041354,5.42,127.33999633789062,83.61277770996094,115.53840026855468,102.02836940765381,122.02979215770124,91.05520845265032,False,0.2907251436406002,False,False,False
APA,🐂,45.880001068115234,0.9016930644493379,4.62942454876523,2.570984881842032,33.80515116534691,17.78215568808326,85.15172162385673,116.40913371692776,0.7461202921961141,60.36036104838137,4.3,47.40999984741211,21.16434669494629,42.46440002441406,35.57506750106811,46.87635903523043,41.12164130046293,False,0.13079201147331737,False,False,True
FISV,🐻,45.630001068115234,-0.6747879143677662,-1.1053279763320105,-11.53547993741471,-7.892611576812864,-22.38475870466665,-30.431462698900503,-62.79050632789326,0.5609141866047943,44.10111531811774,0.0,126.54000091552734,44.36000061035156,50.20220024108887,56.19155004501343,50.26949694904972,43.00350338664364,False,0.1558005754345946,False,False,False
EBAY,,112.19000244140625,0.18753266491990464,4.713461900808755,4.120651917778422,-0.007901466939296742,14.97002055391668,30.048607596906983,28.311403422662874,0.5567661218573826,65.37548053088486,3.36,118.27152252197266,78.68736267089844,106.73316192626953,101.22050788879395,112.93640829558954,104.08059152130498,False,0.0816140374418276,False,False,True
AMKR,🐻,49.119998931884766,-3.686276604147518,-10.086037028189585,-5.045429409332506,-29.899719653602126,-18.48814703706787,15.005061860987498,75.02611660507718,1.1498664909055794,41.88260417692123,2.73,93.37815856933594,28.064382553100586,51.63252456665039,57.426485748291014,57.442776806613395,45.90322310183387,False,0.22331882636971429,False,False,False
AR,,35.900001525878906,-0.4437044961695934,3.488045393689639,-6.583395157964994,5.837274362668866,-3.5205525149835286,4.940083269903721,13.607598393988326,0.6787972059216769,62.18593470547304,3.21,45.150001525878906,30.030000686645508,36.691800079345704,36.364200029373166,38.04251472245458,32.510485536944834,False,0.15681910521651385,False,False,False
ANET,🐂🚀,216.74000549316406,2.7349880262951385,4.7559264799218965,8.592619605162866,18.71610713596795,42.57334521890118,62.230535622303876,40.64892726063258,0.8604167929540109,67.03792370429028,2.49,216.74000549316406,116.12999725341797,197.86380004882812,161.0721499633789,218.96460767656174,190.2803920182625,False,0.14018114175952887,False,False,True
RDDT,,159.91000366210938,2.1985060488074506,6.309005191254752,1.3564044696054929,-21.331234170798897,7.070637513917834,-33.89143657629335,-19.461092317171005,1.0820700414568607,51.28039050312611,4.57,258.92999267578125,121.83999633789062,154.04320037841796,166.64800018310547,163.61569036311118,141.28031183415442,False,0.14651145549954395,False,False,True
NEE,🐻,77.37999725341797,0.012917805972779325,1.4420536073994326,-5.9895522432330015,-12.930662601167814,-14.915589655999744,-2.3002476702228263,-4.494524962866022,0.5044125518686436,38.73874493092309,4.93,96.44304656982422,75.48999786376953,81.64354354858398,86.27709426879883,82.14371483044813,73.72628410143663,False,0.1080057841366884,False,False,False
M,🐻🤐,22.670000076293945,-0.5265503923329776,0.7107945170378935,3.552618109061414,-1.4889287020279394,19.806430549044183,2.4145767465939096,42.19405976318873,0.7960227430883661,57.01752526953802,4.82,25.987133026123047,15.943000793457031,22.880681114196776,21.250476913452147,23.317187281677903,21.660612896849926,True,0.07366186777710915,False,False,False
TGB,🐂,8.850000381469727,6.498194158670511,-0.6733946910202195,8.722358823109706,11.04141297922061,19.75643493047114,58.03572378900602,100.68028770257472,0.7146519834068182,52.16346627773853,1.67,9.680000305175781,3.75,8.583200025558472,7.489749999046325,9.43743127549793,7.833568966735348,False,0.18572894288318184,False,False,True
ORLA,🚀,9.4399995803833,0.0,0.0,0.0,0.0,0.0,0.0,0.0,0.0,,0.93,9.4399995803833,9.4399995803833,0.0,0.0,999999.0,0.0,False,1.0,False,False,True
OLN,🐻,14.890000343322754,-4.612423633504113,-8.481868934320856,-13.43023440204734,-30.46195312815939,-48.458032174146936,-29.052713381049887,-30.71008101436417,1.0453254605620104,30.769215379105717,5.33,29.586030960083008,14.890000343322754,17.298274669647217,22.439332299232483,17.506644196502073,15.035355715759893,False,0.1518830119479527,False,False,False
BITO,🐂🛒🧊✨,11.0,0.6404363483052344,-3.8461503192516595,6.236472145560542,26.243252957666073,10.154636024692868,-10.773896702327445,-31.939882256003855,0.9454723834119881,29.31788845819098,0.0,16.162181854248047,7.936605453491211,10.210733699798585,10.025569801330567,11.930181365522474,10.205113739457994,False,0.15586578971575013,True,False,True
DDOG,🐂🔥🚀,293.260009765625,7.10738598986745,6.094097896267287,32.57086065955133,8.321943584021293,166.40625444002615,119.22703177037879,84.74234573354218,1.2367003962756102,87.72300454348886,2.6,293.260009765625,102.61499786376953,246.87600067138672,188.312275390625,299.10756060393487,219.28644269196354,False,0.3079554061369401,False,False,True
RXO,🐂🔥🚀,29.079999923706055,0.5184915898650628,1.5008736855188831,49.204721730161936,3.7089835029313583,81.07098935697053,126.47974749318836,75.28631498637954,0.5612178285206328,93.65672982862682,8.17,29.299999237060547,10.479999542236328,21.763600044250488,19.931450004577638,30.092387249362776,14.632612559902359,False,0.6913258694417167,False,False,True
SYM,🛒🤐,42.630001068115234,1.3552060775399322,-0.5598270812902486,1.1868027232935658,-2.359136012131541,-21.93737302388066,-34.28395365628162,-33.139896188300064,0.6932192925657666,44.21237189317395,10.6,87.30000305175781,38.220001220703125,42.26089965820312,50.03787498474121,45.08411119940993,41.041888632743394,True,0.0938676491313709,False,False,True
KVYO,🐻🤐,17.31999969482422,-1.4228799336498859,3.7125682847911228,5.8679648450943835,-1.0850972676986101,-1.5909129578219119,-40.927694832542336,-29.07453054581335,0.583978691869028,62.057871749574446,3.06,33.2599983215332,12.859999656677246,17.47860008239746,18.848050036430358,17.780564482642852,14.835435502098356,True,0.1805941244740201,False,False,False
BHC,🤐,6.039999961853027,0.0,2.5466909807747187,3.0716693555887713,27.157893933747946,5.59440880068031,-16.227462830841326,-0.16529303415809082,0.5052034290046837,67.5438658866056,3.71,7.900000095367432,4.429999828338623,6.206000003814697,5.756799988746643,6.116517427424315,5.500482627888795,True,0.10605746691957224,False,False,False
GT,🐻🤐,4.679999828338623,-1.473687824450041,0.0,-12.849163350561629,-29.72973069725909,-33.42816943577007,-47.5336346602022,-31.478771879704663,0.574436249122074,40.0,5.43,10.539999961853027,4.659999847412109,5.722800006866455,6.991150007247925,5.495285078191896,4.534714940881591,True,0.19153940887011803,False,False,False
BILI,🐻🤐,15.489999771118164,4.309760088942811,5.016947600801112,-0.32175154992021726,-11.384438348009079,-36.6979967070759,-41.259009184132914,-41.76691898880981,1.0825320542487846,54.889581364061094,6.74,35.91999816894531,14.399999618530273,16.223999938964845,21.747299990653993,15.642370426085227,14.329129589173563,True,0.0876326400909584,False,False,False
HUN,🐻,8.140000343322754,-4.2352900785558365,-7.918549741882225,-13.85995965791478,-31.001177086956744,-41.13986786723169,-18.339832188981752,3.3345308749327707,0.7621820878968053,36.259559489966406,4.74,15.739643096923828,7.198248386383057,9.401856288909912,11.695353441238403,9.427370449612518,8.174829581668,False,0.14231639973624347,False,False,False
BOX,🐂🚀,36.38999938964844,0.22031950793663968,2.971135349538636,7.822220413773148,21.29999796549479,62.818786436438735,26.222682920390923,10.473591095240858,0.478850818250072,68.09896764656796,6.15,36.38999938964844,21.3700008392334,33.70159996032715,27.85229995727539,37.029800661336836,31.103199140298912,False,0.17397154208071833,False,False,True
BANC,🐻,17.299999237060547,-0.2881910277222949,-1.4245014864278283,-6.128330863774863,-15.428876086302216,-5.668207735030953,-9.287466849834965,7.603244546422276,0.6054644208135264,32.3843442941194,4.14,21.688093185424805,15.180047988891602,18.413113479614257,18.8908051776886,18.722677236585117,16.881322473497892,False,0.10343527570391228,False,False,False
BMY,,59.119998931884766,-0.7720760071043773,0.5271170742304006,-6.140335099036539,4.885494240721264,4.041610594258104,14.159033636209015,40.47005494373522,0.696577639908199,36.62202795454708,3.99,67.39203643798828,40.785194396972656,63.534533920288084,58.30892698287964,64.22853947596855,58.49714259190255,False,0.09340175238783932,False,False,False
PAGS,🐂🔥🚀,11.15999984741211,4.494377607870563,1.9178086009580115,13.582616176997005,23.863799344613916,8.986253721047126,21.72197032162409,34.520177667994346,1.194228277905112,70.96774804242267,5.36,11.377582550048828,8.194344520568848,9.186039600372315,9.42519151210785,11.122784557704287,8.058313426609677,False,0.3195303140206772,False,False,True
ZTS,🐂,74.80999755859375,2.3672628409868435,4.761229130546081,2.5215791518564195,1.703111636259614,-36.992711765265675,-39.658337620523376,-45.966416561599026,0.6428420058101032,62.907985501898295,4.02,144.74996948242188,69.0999984741211,73.96579986572266,96.31467357635498,74.69980781238507,68.71719353038836,False,0.08342963841083229,False,False,True
ALK,🐻,39.36000061035156,-0.40485790880267447,0.43378920540894694,-4.3731760051833914,-16.023039241898285,-1.5261460888712772,-23.60248396616559,-16.64549006175253,1.1022746035995454,35.16352859912209,4.38,60.209999084472656,34.189998626708984,42.59460006713867,45.1133500289917,41.658088448050634,38.364911506173,False,0.08230576068783879,False,False,False
BCS,🐻🧊,22.950000762939453,0.0,-2.713011384097968,-14.044943418897324,-15.70006218590025,-2.611110162328441,-9.842405669124961,18.97695957976618,0.8238609833812087,18.15715747795433,1.23,28.242778778076172,18.918123245239258,26.07490222930908,24.831555156707765,26.20644693507393,22.57655324803154,False,0.14881797648433664,False,False,False
BWXT,🐻,143.8300018310547,1.1320493577081991,6.2652348320203,-4.189977012204593,-19.89281867806077,-38.04509029627273,-20.567122539865203,-23.89822269332375,0.5920807506012261,45.110154805843926,2.85,237.7264404296875,134.35000610351562,153.73659149169922,188.45678390502928,151.22951669961242,132.30548238486023,False,0.13348640820962082,False,False,False
ADMA,🐂,10.359999656677246,0.290413680472018,2.4727992926773754,12.242688737632713,16.798193803181185,-0.19268263529059823,-42.05816474863266,-28.74828277952119,0.8244345566448976,65.63071202369437,7.0,20.3799991607666,7.599999904632568,9.568800010681151,11.524000029563904,10.706934871275285,8.643565140168805,False,0.2132626784719962,False,False,True
FITB,🐻,50.63999938964844,-0.11834590214616972,-0.31496033428162606,-6.687232305138104,-10.49825038037481,3.1761855027010846,8.75610120966533,26.182573213612198,1.5859491883766832,31.53430979994897,6.14,58.88077926635742,39.058128356933594,53.83006576538086,50.96790758132934,53.93290772527691,49.20872588068011,False,0.09160572078284303,False,False,False
SPCX,🐂,162.57000732421875,1.2455626261270902,-4.979828859687097,7.512730709580584,19.46649407460458,0.0,1.0065302309372024,1.0065302309372024,0.9745996488036246,59.115653920032464,2.01,211.38999938964844,108.2699966430664,144.23800048828124,0.0,171.16120254123598,137.64180191433042,False,0.21709245145462092,False,False,True
LYV,🐻🤐,170.3300018310547,-0.5894680333972813,-0.19921271549675912,0.10579367677193423,-6.185280831982207,2.7818009753765573,17.21836397552209,11.355906351181375,0.7964654935042179,53.348891315997385,12.1,188.4600067138672,125.61000061035156,176.22820037841797,164.58945053100587,172.99835091626665,167.11964835131147,True,0.03456860605798328,False,False,False
MS,🐻🧊,190.02000427246094,1.376441419894452,-0.08938333601298815,-11.363000305773657,-16.07764485983324,6.046601180796235,6.1856822541344805,27.965002977387783,0.8116621782399354,20.748567686746867,2.9,227.2987823486328,148.4937286376953,207.33160095214845,192.90458099365233,209.50141633975738,182.4865841485239,False,0.13783499575284128,False,False,False
FSLY,🐂🤐,29.299999237060547,15.856062381837155,12.648977236553247,26.51122379145663,40.19138646817343,20.229783455281286,187.5368051384985,256.0145913337304,1.9499949819995317,55.64903679452591,2.66,33.5,7.860000133514404,24.850600128173827,20.363224987983703,28.913351842478132,22.644648149892472,True,0.24317094121235439,False,False,True
AMTM,🐻,19.290000915527344,1.6868825184805196,5.7565852937771815,-0.8735774765835209,-5.856509853564215,-30.03264008323982,-36.71259447101674,-17.528852420302343,0.6735468413743387,42.68586031334519,7.13,37.529998779296875,18.1200008392334,20.427399978637695,25.303999967575074,20.565395438782687,17.69560443151761,False,0.1500112917588818,False,False,False
EOSE,🐻🧊,2.5199999809265137,-8.860763641314653,-22.935779950295192,-36.20253289859466,-41.258741181013384,-59.09090838719426,-80.57054796419214,-81.76555689888843,1.6012252776923492,12.009798536296884,4.74,19.190000534057617,2.5199999809265137,3.6353000020980835,7.133500001430511,4.367092439380179,2.472407558712472,False,0.5540419273912077,False,False,False
GFI,,36.81999969482422,2.6770749250783257,3.1661560986152186,-18.359199688328225,12.978937557113396,-23.088473488822693,-11.036115377050347,-5.481289693332818,1.2976600039805521,33.75234282708287,1.27,58.44237518310547,30.556316375732422,40.862503929138185,42.17121618270874,45.461619546424615,32.435379812706245,False,0.33444779236394223,False,False,False
NTLA,,13.069999694824219,3.7301531676594215,2.5098015280330883,11.328790030967609,-1.7293270121219173,-8.345024649069927,41.91096243962522,-46.69657646484294,1.4876351619202812,57.76964975036216,11.08,27.979999542236328,8.039999961853027,12.18310001373291,12.937774991989135,13.033622015185585,11.232377969555625,False,0.14845825820181385,False,False,True
APO,🐻🧊,118.6500015258789,2.905462606637825,2.8608609409718997,-8.00898941218879,-0.6494010929037153,8.825501106120534,-18.053054528358935,2.024543580074644,1.118286248495249,29.1816478739064,8.62,150.8031768798828,99.45870208740234,127.92607528686523,125.06286991119384,130.62743596195892,110.74956446528716,False,0.16470393999003385,False,False,False
PR,🐂,23.030000686645508,0.8318762381272977,3.598745662991138,-2.517028139977709,18.333085057381147,13.712900179021478,63.7189418186278,95.33490973951604,0.6804610087398225,62.50002249233011,2.78,24.329999923706055,11.683704376220703,22.28193046569824,19.34649673938751,24.009116863358134,20.519360805404073,False,0.156742661804592,False,False,True
SMH,🐂,603.3300170898438,-0.6488056901685229,-4.822528182180739,6.121046558614918,0.5030766676437416,36.08743223564631,61.620690280988995,86.02303496005523,0.8568021781262987,53.82518816831174,0.0,668.9099731445312,324.091552734375,578.2380029296875,506.23660079956056,655.5257690268588,538.5852417153287,False,0.19586207020877716,False,False,True
CMS,🐻,65.48999786376953,0.2295707595439831,2.280179778708234,-2.4720828360214213,-12.069109282179333,-15.192774075653745,-4.81519150388561,-8.845977731157223,0.664918047034086,56.48605410985333,4.79,78.68888092041016,62.599998474121094,67.46783889770508,71.88545124053955,67.04062600287168,61.92137198296817,False,0.0793916673106384,False,False,False
VMC,🐻🤐,244.5800018310547,-0.6822028397854996,-0.40314593135837956,-3.2286157651168055,-16.05247162093129,-17.374525872996287,-15.945066627064012,-18.25399124420659,0.8562719630341507,47.57920572191055,4.25,328.4806823730469,240.8300018310547,261.51384368896487,282.0997304534912,250.15330654592998,240.29669192819114,True,0.040194167186887786,False,False,False
CCC,🐂🤐,7.019999980926514,6.84931198641573,6.686931038331041,1.8867941503637145,15.650737766043902,35.26011374817063,-10.80050720448244,-23.026315032720337,1.6548927724385118,66.66666666666666,5.11,9.350000381469727,4.21999979019165,6.87999997138977,6.109299983978271,6.941638129815767,6.333361870184233,True,0.09164237433243451,False,False,True
LITE,🐂,1103.35498046875,5.221724790925773,1.0703725533411137,19.02041418287305,35.414211708248054,26.65063359408153,185.7618353133547,637.4874513518373,1.1149577414440255,67.95782135096786,1.66,1133.4000244140625,149.61000061035156,920.3380029296875,764.1943006896972,1160.7898844739634,800.3226216295523,False,0.3676150773834127,False,False,True
GVA,🐻,112.5,-1.1684106208033471,-5.382675730652474,-5.292699163854305,-6.86684585147998,-11.40603446654694,-4.909378358990312,7.171809953192282,0.6535289846215787,43.21229378478624,7.0,160.07965087890625,98.09037017822266,119.61920608520508,126.88247741699219,120.30456218578595,110.56151371143085,False,0.08440433213490214,False,False,False
WRB,🐂,71.91000366210938,-0.1943086519342235,3.0672310764051587,3.022731945449277,0.04569538342884783,8.515896377514313,4.8938273330598605,-4.808156691140484,0.4735644128094718,67.44968991698974,3.59,76.33019256591797,62.8822021484375,69.55803970336915,68.44399503707886,72.25970922379999,66.22397150129767,False,0.08716893847562864,False,False,True
CRSP,,53.38999938964844,5.84853458219043,-6.888735180376836,3.22892136413335,5.80658017902618,-2.6263038360700173,-0.706715761354187,-26.933078400669242,0.8019697695096095,37.7236490052966,11.76,73.97000122070312,44.34000015258789,54.98540000915527,53.22622507095337,59.42339458977807,50.35010508978736,False,0.16530928733211772,False,False,False
BIRK,🐻🤐,33.650001525878906,1.600249429609446,-0.3553418130238078,8.095092942656693,-24.143370011526645,-13.518371478181962,-19.439786552301854,-20.37386923242529,0.4410143879510261,66.24473400134346,2.88,48.970001220703125,30.010000228881836,34.48020027160644,38.84985013008118,34.78934961102233,29.72065080859437,True,0.15714459058929509,False,False,False
KO,🐂,88.05000305175781,0.3190229228674876,1.7801420384919744,0.3232611273083111,6.6145927493441254,16.669643838280845,29.861483140069563,34.831010423245594,0.6481668224082696,55.60916889305689,3.36,91.4443359375,65.0701904296875,87.65630722045898,79.57249034881592,89.43236824423889,85.32863105385681,False,0.04696399318914622,False,False,True
DXCM,🧊🤐,84.11000061035156,-0.35541172697813805,-3.210587878639425,1.3007368986304029,13.478140169429784,33.254122360043006,26.405169000717876,29.161543401142232,0.7990788628668494,27.041762264835427,3.52,92.33999633789062,54.84000015258789,87.44920013427735,73.50780006408691,90.05842352094295,82.99957742510198,True,0.08157780694625896,False,False,False
PLTR,🐂🔥🚀,209.0500030517578,5.1665179271198225,10.374873172389357,25.00747975402353,56.33413187509885,57.928541786743516,24.538307096173185,19.157546820929102,1.6317077104889495,82.62948399725204,2.21,209.0500030517578,107.2699966430664,176.97959884643555,152.33117465972902,205.1183653148742,168.87463242682503,False,0.19382038223657416,False,False,True
WELL,🐻,225.47000122070312,1.0894942645792283,0.5844028984619364,-4.307781218413231,-4.101197741896461,9.723057803973834,21.910547681601017,37.87481128572042,1.059751214204794,38.40282474163741,6.44,251.12200927734375,163.53240966796875,233.4989178466797,213.89071128845214,237.52118878302798,221.57080950798763,False,0.0694866359440641,False,False,False
COIN,🐂🛒,179.38999938964844,4.296511273051417,-4.691319612043142,2.3565017757953948,11.07739900287829,2.784621924221354,-24.15761200885349,-49.75210932953478,1.2346803730880689,30.251636480194463,2.52,361.42999267578125,141.08999633789062,174.56540008544923,183.7828497314453,207.86145722577746,165.65554411699597,False,0.22599192517102842,False,False,True
LNT,🐻,65.8499984741211,0.5343488154520515,2.426501067628666,-2.096347929418007,-13.051049909339726,-7.809335351943311,2.7458604187620463,0.21810648412788816,0.7767502216987431,55.71427580596738,10.74,77.44111633300781,63.122802734375,67.33259956359863,69.60722970962524,67.15118893762352,62.51781016210794,False,0.07146471103632002,False,False,False
STM,🐻,52.060001373291016,-1.2331582668782808,-9.743410024532313,1.244245056882307,-25.63679598694646,29.488382428610073,91.29905228084783,93.79287609856995,0.718618668063042,51.48571591747086,1.89,79.68086242675781,21.007417678833008,52.16374168395996,48.508671350479126,58.91716964115212,46.132549597129135,False,0.2434013177136438,False,False,False
KBH,🐻🧊,43.130001068115234,-2.79467634352016,-4.240674530611844,-12.266067530539887,-21.94331091058063,-16.28313895014642,-23.407784159556744,-23.933936734143575,0.8246414432785896,25.235582728473602,5.58,65.74603271484375,43.130001068115234,51.539643096923825,54.30338348388672,50.580488377604205,43.285511988606736,False,0.15543383888813164,False,False,False
JPM,🐻🧊,332.989990234375,0.4737121305388384,0.683330563593849,-6.057530100306518,-2.4027367336601477,7.166168407015164,4.277767567974117,12.799780012115875,0.5813006890576359,28.85007647256313,3.0,363.3671875,278.7472229003906,348.53760131835935,319.08005447387694,353.60098902592927,322.4195584594223,False,0.09224994915463751,False,False,False
TIC,,8.90999984741211,1.0204099285933628,7.869244558341429,-6.7991688668843295,25.49295728297915,22.896549619477373,-9.909003659158547,-27.32463555406688,0.5674602661424858,40.983608266011565,14.42,13.319999694824219,6.539999961853027,9.148000078201294,8.854000029563904,9.601079393572236,8.07592065220413,False,0.17255854923556646,False,False,False
ARQQ,🐻🧊,17.229999542236328,-6.5111272005918055,-27.23817854651659,-14.064836918356152,-8.0085426410048,30.13595045388127,-29.788105544306294,-64.48887184732217,1.9230569679360796,23.395261494475534,6.12,58.27000045776367,11.779999732971191,21.540200080871582,18.86412501335144,27.33153956837407,16.344461026718704,False,0.5031174279675149,False,False,False
SNY,🐻🧊,40.06999969482422,-0.3977127746276261,1.41736622900794,-6.312837816323532,-7.202409885066123,-9.938349913626089,-12.309873492622595,-12.054590553268287,0.6764567257190932,27.289710296833434,4.14,49.58897018432617,39.5099983215332,42.966600036621095,43.75095624923706,43.71363051683235,38.88336922376823,False,0.1169597275502444,False,False,False
PANW,🐂🤐🚀,418.7799987792969,5.08908375892017,2.9550567226600744,26.65356313613092,18.671535434773208,157.69491904184454,133.472715715745,100.80555869153562,0.6247163953430588,67.23101681665628,3.1,419.9100036621094,141.6699981689453,370.85239990234373,255.92379989624024,422.20965733175973,357.2333419358184,True,0.16672499581623768,False,False,True
VTR,🐻,82.04000091552734,0.34246425144453196,0.8357919125792923,-8.285564807520874,-10.67768733713832,-1.650012731452688,8.042836746320333,24.11227407789061,0.991148468619612,30.227269045073072,4.38,99.92851257324219,65.82817077636719,88.62398712158203,84.98739643096924,90.05108211914877,80.12077991088053,False,0.11670909737728437,False,False,False
ASAN,🐂,10.069999694824219,2.026340542898677,10.175047227223331,14.823251644299726,34.98659039317589,73.62067868394921,-22.299385299507822,-26.118858325209377,0.6022807940014885,55.82417020416795,2.21,15.100000381469727,5.460000038146973,9.258800010681153,8.278100001811982,10.29204960756148,8.230950442029584,False,0.2225448534269587,False,False,True
CDE,,17.1299991607666,1.5411873657323298,0.46920778466760116,-16.76385216583701,7.06249475479126,-15.562601626780628,-2.283554890455626,-12.324970688929739,0.7131940479216974,31.866449670729025,1.56,27.119544982910156,13.804497718811035,19.102799892425537,19.242074370384216,20.971203523903593,15.953796285361546,False,0.27176207255026663,False,False,False
ARE,🐻🧊,45.5099983215332,-0.19736876227960293,-0.8064575805757084,-9.667141494111071,-2.744798715630404,6.976928737809807,-2.916325257982087,-34.734807791052006,0.5578891638426249,13.278574709971451,4.34,73.45703887939453,39.29411315917969,49.636922683715824,48.83086812973023,55.50057122760331,43.03355238384689,False,0.2530497737599543,False,False,False
AEO,🐂🔥,18.170000076293945,1.8212427875871948,1.0341072769636122,21.81941536402329,13.29583966037578,1.9658882541532394,-29.26951830976483,30.29039264385411,0.7337300598257327,78.5023187519355,2.14,27.472488403320312,13.945771217346191,16.664613876342774,18.708041124343872,19.173802704420567,13.97572026768637,False,0.31361431300884957,False,False,True
CE,🐻,45.02000045776367,0.4686433341593828,-1.1201369101839433,-2.321544133829081,-5.653526548019581,-33.932509707704114,6.96652862445991,14.858662718700815,0.5334546924537849,52.543717394653115,3.2,69.1932144165039,35.46926498413086,45.24,51.28136531829834,48.44490215074063,42.91909778822421,False,0.12096240020594336,False,False,False
ET,,20.40999984741211,-1.01843347853664,-1.496136468221702,-5.290020556882094,3.3948133684581565,11.986854671956,29.62981179014269,34.675458328356754,0.6915399942382621,41.52249911397426,4.03,21.729999542236328,15.154951095581055,20.847050666809082,18.9668563079834,21.530727524244387,19.64427228502075,False,0.09163109886884074,False,False,False
NVT,🐂,167.42999267578125,1.9671107110660884,0.15552701422726697,3.109981303802312,3.629446284194994,26.0879397573914,57.475499157023904,75.61013551631838,0.8455830954553658,59.41993579867754,1.93,184.09619140625,94.5465316772461,159.80960052490235,141.98357482910157,176.32936358081307,145.7536366022924,False,0.18986240789571782,False,False,True
CZR,🐻,29.5,-0.06775222714609347,-0.5059009121758256,-0.5729695849572101,-1.1725305762039444,10.2803738317757,25.212226946967043,34.949676012500206,0.855384915094646,31.707271686895524,4.7,30.40999984741211,18.139999389648438,29.695799980163574,27.284300012588503,29.726947305579518,29.507052900414134,False,0.007424600884649817,False,False,False
EC,,16.940000534057617,0.0,-1.7970983532891758,-4.563377272914833,4.826736967886905,25.930147599398868,73.98567652076406,102.52090837801336,0.49822087971534074,51.52439573986794,4.21,18.260000228881836,8.202611923217773,17.087600021362306,14.307485642433166,17.979139866575345,15.930860171571629,False,0.12080682351515827,False,False,False
ROIV,,35.439998626708984,3.595438687967122,-0.9502519960526731,-13.179816531937389,1.5181861403994363,22.41795403362389,61.60509864810471,120.94760974983292,0.7267549914166416,30.42997149281264,3.8,41.810001373291016,16.040000915527344,36.68159996032715,30.494724950790406,41.141977912439906,33.13602196548978,False,0.2155673539973427,False,False,False
ETSY,🐻🤐,76.70999908447266,2.0894326691204466,8.209902306296355,5.428802683164445,-7.645074236417547,38.615827381571535,33.92109064115152,11.610643587629081,0.9303081950807625,57.86653268453079,3.95,87.02999877929688,44.04999923706055,77.30099975585938,66.15560007095337,76.9393921089575,67.81260602947022,True,0.12610238472506966,False,False,False
STZ,🐻,122.63999938964844,-0.800774800423415,8.234049979773452,0.15516737128753152,-5.888277168021474,-24.403935722415522,-11.283570682478732,-10.68850767794576,0.8650488826815642,61.904768010723046,4.1,164.2807159423828,112.7699966430664,125.82439926147461,141.32167026519775,126.39700049006632,108.77399712956259,False,0.14987395162568123,False,False,False
UPS,🐻,94.56999969482422,0.4674412559703681,1.5353235071361953,-5.694055797746484,-15.476531989174594,-4.23701793468205,-1.9403665413682536,21.614429752401804,0.6860693861256607,49.28114874824881,6.02,115.87252807617188,77.76215362548828,100.06211257934571,102.35205467224121,101.98992628917824,89.113072825812,False,0.13476348903993918,False,False,False
DINO,🐂🔥🚀,121.30000305175781,0.4804521414759719,5.276863189237853,12.481460655556313,46.85586052833452,109.8707553205799,164.97648065854156,147.59214082339355,1.090478981374422,76.4420839958517,2.45,121.30000305175781,44.82985305786133,102.02876358032226,72.2725207901001,121.81917427803555,101.48182669852696,False,0.1821518711565756,False,False,True
UA,🐻,4.78000020980835,0.8438911523565212,4.595186657742056,-4.208408235312556,-26.120550775678474,-20.200327337974866,-5.719920158464174,4.139434660221851,0.679414330077484,54.54547030866092,10.69,7.880000114440918,3.9600000381469727,5.054199962615967,5.821049995422364,5.031639125794986,4.1913607807449305,False,0.18221367311393435,False,False,False
SNOW,⚡🐂🚀,368.8900146484375,7.422836693362586,8.820326639553533,12.128035988461964,33.68486315309375,174.79886736686893,70.2228799870331,52.32688501367885,2.0005309423478868,69.87870292911121,3.2,368.8900146484375,121.11000061035156,330.2503997802734,231.04889991760254,355.00905072445414,318.8909523273037,False,0.10719126942748049,False,False,True
APLD,🐻🧊,23.68000030517578,-0.7127885684481036,-4.129556381609947,-10.370930216524497,-16.824724705672384,-14.202898630848503,-15.759516929873083,-30.332453263227006,1.1263525354584991,29.06220596144817,3.65,49.650001525878906,20.545000076293945,27.018400077819823,32.08995002746582,28.716662386893503,22.222337742806204,False,0.2549843784743163,False,False,False
BAC,🐻🧊,54.31999969482422,1.3243780570589332,0.5925920274522569,-13.351410297078456,-9.935427101844894,2.8693871641964424,-1.3564502774831333,14.034687869079946,0.7098863288145889,25.271745327514537,2.32,64.48101043701172,46.242576599121094,59.90931465148926,54.80932929992676,59.88480225800514,51.872198092947016,False,0.14339332909609281,False,False,False
ABNB,🤐,165.8699951171875,1.6173494202959382,1.0970852152226664,-2.538343770049631,13.190939481832158,27.27899462476635,24.704910884469474,40.341815458899774,0.4299828382838284,48.898976742897126,2.97,190.5,111.54000091552734,171.0361996459961,144.2013249206543,172.86193801391747,150.78806046020364,True,0.13640585606539926,False,False,False
BBD,🐂🔥,4.300000190734863,1.4151043126324516,-0.6928344919118286,19.5754914473942,18.86114002647362,7.911842307514419,33.822565254749136,46.942404925197955,1.2426348502715345,71.26248429761986,0.47,4.510000228881836,2.926316738128662,3.4638113975524902,3.5471156919002533,4.482568989687325,2.9017126455970987,False,0.428167944336358,False,False,True
NOC,🐻🧊,480.7200012207031,-0.7760918263624929,0.9682669994279917,-7.3703627650360986,-8.656379102428827,-28.808962453881527,-16.916788161935603,-21.641527028448102,0.6255481449754227,25.610538127707926,2.7,761.1927490234375,473.4599914550781,530.8308959960938,591.775518951416,544.9973600832561,461.30463576635333,False,0.1663371923380555,False,False,False
RITM,🐻🧊,8.640000343322754,0.23202387504874855,-1.144158242725178,-8.738720897154566,-3.5916708930966137,-9.48682709547501,-14.606644880893022,-9.926474280016539,0.7154611668349458,25.927450123031278,5.7,11.113085746765137,8.081406593322754,9.464151554107666,9.34754388809204,9.53086136017684,8.35857307280656,False,0.1310592899693786,False,False,False
PRMB,🐻,19.270000457763672,-0.3619425763802389,-3.0684040681790816,-7.132527914391942,-19.85709649698892,0.29423061211462953,20.904981209401647,-8.428247087282767,1.0186322778806631,35.27981867660654,6.65,25.258216857910156,14.13989543914795,21.687625274658203,21.042974214553833,21.329218933486157,18.320780875778983,False,0.15174971360298384,False,False,False
ODFL,🐻🤐,181.97000122070312,0.1761669886986676,1.449521198803048,1.2125301829790192,-20.27793123475495,-12.111145012064316,14.792685933114718,36.32710862524668,0.7905749119977523,60.19117945281986,4.54,248.3442840576172,125.50997161865234,191.93631072998048,199.87640823364256,183.23112583726905,171.49787501722315,True,0.06615332150335691,False,False,False
CNK,,36.400001525878906,-1.0062521818833525,1.1954414528301087,3.7628267557719584,24.23495327604125,20.543392872268466,56.07648793790205,43.08886593725456,0.44883290651643976,50.936338863134786,3.73,38.380001068115234,21.73604965209961,36.40920608520508,29.990828819274903,38.637081230668244,33.55891944071847,False,0.14067709409732973,False,False,False
HWM,🐻🤐,225.25999450683594,1.2131546449767348,-1.8774285315484776,-1.8945194425122582,-18.574713209188957,-11.974639633083342,6.559591496418945,22.61881079852688,0.9799615852416883,47.44118259883518,2.58,292.6499938964844,183.70753479003906,252.53870483398438,248.9986173248291,233.40532136377146,222.1106790024395,True,0.04959054062755937,False,False,False
LAES,🐻,2.109999895095825,-6.2222268846299915,-12.448140251059701,-11.344546485810488,-22.426475260960967,-1.401878894285987,-50.235848844412075,-60.998152410204774,1.1626773554396592,30.158733762940827,1.99,7.650000095367432,2.0899999141693115,2.4463999843597413,3.125574994087219,2.4566351018647237,2.1663648046751933,False,0.12557659660728096,False,False,False
LI,🐻,11.539999961853027,5.871562988265955,6.359442913584805,-2.286201932010049,-7.457901245076474,-38.55165314206223,-33.10144949650419,-49.385963385932094,1.6850733405520812,50.32678923769331,9.51,23.1299991607666,10.6899995803833,12.057400016784667,15.242499985694884,12.383209195699628,10.567790731821123,False,0.15819950935572266,False,False,False
COST,🐂🔥,946.9199829101562,-0.10549413642805122,2.5337797648158555,4.658638379810996,2.8940085405345104,-3.165442560641059,11.304772233728631,2.412320844217239,0.630907674965837,75.39314791576412,3.09,1092.5828857421875,846.2650146484375,931.4269970703125,961.5715338134765,951.4393843424705,880.0416093098734,False,0.07796725740540228,False,False,True
CMG,🐻,31.59000015258789,-3.3353737527819396,2.3987026319865143,-12.734808047493612,-13.285753807419676,-8.673026848123767,-15.737533373511962,-20.6680050359369,1.0756723521752578,39.921974754524804,2.77,42.36000061035156,28.18000030517578,34.39519992828369,34.72760008811951,35.528278202620804,29.61672168293828,False,0.18148918658584443,False,False,False
ABT,🤐,99.5999984741211,1.1270186155216546,-0.4995005071146582,-2.3050500681369686,12.758967971745417,0.24797121961187266,-18.309852192366122,-23.133346993522007,0.733689609638219,39.04019038854502,1.57,130.25921630859375,81.97532653808594,106.17120010375976,102.53058078765869,104.9821652425854,96.50483579501226,True,0.08414765621521424,False,False,False
GEV,,1004.72998046875,0.5383504292035534,1.4878768150252524,4.957844700990416,-5.748541639899623,1.4249901895951238,48.12622951144203,66.56931780581563,0.49012361972636487,68.00642096302424,3.38,1174.8599853515625,546.9464721679688,968.7100036621093,925.8943347167968,1036.254073632548,880.5649266115927,False,0.16244532947672732,False,False,True
LVS,🐻🧊,36.16999816894531,0.19390498000823805,-1.2018640646562522,-15.549856122771436,-18.71154459628733,-33.2371176848535,-43.56112459322989,-25.512106097084924,0.7217136224543632,17.27997880858082,3.17,68.29332733154297,35.810001373291016,42.66419586181641,50.49703029632568,42.58592324336101,34.514076756638985,False,0.20938641988902787,False,False,False
SOUN,🐻🧊🤐,5.389999866485596,-2.355074545110739,-8.333337388070994,-13.897768859213604,-19.431990726693407,-21.198834119231595,-49.150946485737265,-68.95161476393265,0.6893716006320211,23.648641900131622,7.88,21.399999618530273,5.389999866485596,6.536600008010864,7.658650000095367,6.420929287160177,5.4440707223765665,True,0.1646622105349245,False,False,False
XPEV,🐻,9.899999618530273,3.6649154011009295,5.319149152031316,-6.072109541167741,-25.898204543872765,-43.33142525676877,-51.541852811317945,-52.90200093752263,1.7037954721145119,36.61969182413873,7.04,28.06999969482422,9.25,10.947199974060059,15.304549984931946,10.943871911875162,9.03112808812484,False,0.1915137745932738,False,False,False
SBRA,🐻🧊,18.959999084472656,0.6369370005991342,-0.5768254436911068,-7.602345704143463,-2.5491239469658615,-3.4957254834193803,3.4798394664956107,13.53080990107898,0.5388382267365991,24.293770090442692,8.16,22.056650161743164,16.220203399658203,20.165761909484864,19.532072048187256,20.604693638376183,18.610306514211707,False,0.10171552295826583,False,False,False
PSNY,🐻🧊🤐,5.260000228881836,-0.941614207843711,-13.770486703004787,-32.90816165168604,-65.64336979284339,-74.21568467038631,-73.44775178856062,-79.9847789518713,1.3421272199928485,0.38911393828317387,7.53,27.389999389648438,5.260000228881836,10.187099990844727,16.524750032424926,8.380893470720245,5.095106504484223,True,0.4876501888218753,False,False,False
BEAM,🐻🤐,25.700000762939453,4.4715461967972825,0.1168706137761691,7.127974189812118,-16.80154978717224,-14.844266060090202,-5.305816724735149,-2.3556190694283607,0.9527161300736421,53.225809609175414,14.33,37.91999816894531,20.600000381469727,26.51510009765625,28.440475034713746,26.07155957872487,23.18944086378001,True,0.11701421769981031,False,False,False
CPRT,🐻,27.31999969482422,-0.5822410847066868,-1.1934897947879095,-8.78130551291883,-0.7267469462669681,-17.834587383987312,-27.667462632480433,-37.73929118092958,0.67405080280728,32.754895592415295,2.84,45.7599983215332,26.6200008392334,30.233200073242188,33.19585015296936,31.338234378428464,25.33976569023609,False,0.21166832566164365,False,False,False
MUR,🐂,38.68000030517578,0.20725863786840243,0.7554074502161628,0.4675332601968344,11.740393045727503,1.0124727824407356,22.590685821870625,50.389487999148066,0.5054561898301858,62.6518253794814,6.2,41.94292449951172,25.527727127075195,36.76459106445313,35.592427034378055,39.76024103560171,35.12075948319712,False,0.12391612078526784,False,False,True
NLY,🐻🧊,18.299999237060547,0.16419692690334492,0.16419692690334492,-13.235943627286964,-17.42143370851349,-11.622263650647044,-11.326967499422832,2.0101305535995295,0.7201121780698533,18.53409811728187,2.21,22.86376953125,17.921916961669922,21.059407043457032,20.817534532546997,21.54691133930517,17.50008801982569,False,0.20727960590565372,False,False,False
QUBT,🐻🧊,7.440000057220459,-0.1342248630965281,-6.297229173761922,-6.883601122065302,-10.576919109158116,2.3383779469044774,-32.425069004961706,-60.872993447106204,0.6878294878905147,10.416658905643601,9.86,21.780000686645508,6.309999942779541,8.422700004577637,9.100599999427795,9.4397862490913,7.219213670800057,False,0.2665913426939646,False,False,False
FOUR,🐻,40.0,1.2145737264080234,6.524635985934688,-11.209765421940665,-20.015994116166805,-12.029912192332551,-36.18379099354118,-48.20665769606126,0.7667511042423023,53.54331181684655,7.06,77.77999877929688,35.58000183105469,43.118199768066404,48.25870002746582,43.74636708242429,34.272632398776885,False,0.24285711805186944,False,False,False
OPCH,🐂🔥,31.06999969482422,0.0644137141871482,32.948218138974624,32.325384585016,45.526928054721516,7.3971633842865065,-3.629038221868414,16.323477198792435,0.9314800389630077,84.56310417124214,4.12,36.59000015258789,19.520000457763672,24.23059997558594,26.419799966812135,31.308780519228804,18.581219251889358,False,0.5102249479146145,False,False,True
SUZ,,8.569999694824219,0.7050465843555729,1.6607281682123054,-8.440170842201434,5.153375410460275,-9.873989212313981,-9.968663394279982,-2.7130115382941495,0.8730432205116805,33.96224887313426,3.71,11.458684921264648,7.670000076293945,8.705799980163574,9.083795623779297,9.602701944586759,8.032297998192782,False,0.17810081672690473,False,False,False
MILN,🐻🤐,43.44499969482422,0.5950726385033752,2.1634288910852613,-1.5633820164264924,-2.6268033928293404,1.266763059156541,-6.896603310974536,-8.42708915940254,0.9971777986829727,49.31470464904951,0.0,49.38725662231445,39.279788970947266,44.77192008972168,44.09332347869873,44.307487814629056,41.64471212128403,True,0.06195945409961399,False,False,False
FCX,🐂🤐,73.69000244140625,3.5844856250151484,1.5013829066039137,3.6865101418775392,19.239487623189877,8.821867901259326,42.91543494586939,82.19710899414089,0.6355465938357471,55.08305654577235,2.18,79.91000366210938,38.37607955932617,71.56480018615723,64.04297876358032,74.42474571700305,68.55025352005751,True,0.08217509674128834,False,False,True
TLT,🐻🧊,77.9800033569336,0.14126185497841245,1.1282618852232746,-3.1852824886424282,-6.148096924702749,-8.003153510508131,-7.273251644968422,-9.956772005519413,0.5488305548581294,20.783611291621924,0.0,88.09449005126953,77.11000061035156,80.65374526977538,83.55030529022217,82.31318428875635,75.81946265338233,False,0.08213005677126359,False,False,False
PDI,🐻🤐,14.359999656677246,0.20934914955277134,1.1267595039523421,-2.710030934971689,-9.064083408924281,-10.695788212346576,-9.979122042488635,-15.213140744639794,0.7505796483639879,54.43785713398951,0.01,17.074647903442383,13.859999656677246,14.824078369140626,15.789003963470458,14.632214604703922,13.779785097749691,True,0.06000489341696115,False,False,False
XLU,🐻,41.40999984741211,0.8278552595916835,3.6026984806873443,-1.5935748628001754,-8.701058281825473,-9.504524113963422,-2.0973692313214594,-5.563041035956463,0.4935133550041857,58.16994115887105,0.0,46.754093170166016,39.25,42.01427230834961,43.769282550811766,41.99199405411171,38.82972835799767,False,0.07825286573304299,False,False,False
PH,🐻🤐,962.5599975585938,1.6473742527631174,-1.3447026910130848,1.2975824109192318,-0.005326088838020514,-2.305359607367551,8.33355830434642,35.43028397744641,0.6558104696646045,51.71820534185421,2.4,1071.7115478515625,710.7420654296875,986.2088684082031,944.3177001953125,996.872735931885,917.6892513728026,True,0.08271707584726115,False,False,False
ERAS,🐻🤐,16.030000686645508,3.686938208875031,8.899459210955023,0.9445879793677248,-17.794868273612778,-1.7167307692532583,346.518135651674,565.1452330185384,1.528502580773947,57.75862391117857,7.32,22.469999313354492,2.200000047683716,16.55190008163452,14.264650028944015,16.328255186998078,13.485244931257538,True,0.1907196568308789,False,False,False
PSLV,,19.889999389648438,2.5257720657382468,0.556110713773612,-5.059672241951216,5.517236006005972,-18.650311783232837,-17.91168070400767,19.675080537275523,0.5777955291047233,34.15560410988205,0.0,36.36000061035156,15.319999694824219,20.938399963378906,23.565499992370604,22.009310475510883,18.718689402418807,False,0.16159011407163396,False,False,False
HUM,⚡🐂🚀,431.8699951171875,11.559723229086488,6.87999289456357,5.385555876436125,6.170564884685235,118.37709498995534,64.50673667199348,55.798210196940865,3.899517044122474,69.41348648232193,2.63,431.8699951171875,162.4596710205078,388.01759826660157,296.1775440979004,418.29981092016885,362.9661833425265,False,0.14165118662271325,False,False,True
ZS,🐂🤐,233.72999572753906,7.804067321375537,15.822592761602596,42.050568411708745,53.67874374082632,90.61326903620068,5.966354430036479,-24.574031223496053,1.1506303090718755,67.16350460372918,1.52,336.2699890136719,118.05000305175781,185.78309936523436,166.0377498626709,225.88297166311753,182.32852736031998,True,0.21339156004665544,False,False,True
AMD,🐂,608.0999755859375,-2.026812083246101,-3.7435733144538976,17.819148244250364,10.940829760988233,146.36388245953898,172.11705028155734,182.96881938435718,0.6112399430555614,47.42323761916228,1.83,649.4199829101562,190.9499969482422,528.9209997558594,385.3190502166748,693.5120764242838,502.63392272122405,False,0.3191552767628995,False,False,True
MRP,🐻🧊,22.360000610351562,-1.193100134458391,-0.6663688005556476,-22.190704019652703,-18.45541716172393,-22.80283776491277,-16.215759777364,-19.971688889623124,1.3892665142433418,15.830474218720582,4.53,30.99213218688965,22.360000610351562,27.733938064575195,27.524169435501097,30.04257646356303,21.222912733214315,False,0.3440780091455028,False,False,False
CCJ,🐻🤐,88.05999755859375,1.078965544509923,0.6745127811327614,-8.916014397365034,-3.833135467869684,-24.541559673176867,-10.653409354802152,1.8251098028304102,0.5954386945042667,39.842807332260314,2.81,134.08999633789062,79.28562927246094,94.77380020141601,105.67654987335204,95.31420819025236,83.76579287786286,True,0.12897493012630612,False,False,False
SMMT,🐂🤐,17.59000015258789,2.4461273991129775,1.852922329717507,0.22792545450870064,13.70394213940277,-12.181729657575225,0.3995416266852873,-17.611241975176952,0.7634494668530325,55.77889591728565,5.51,26.3799991607666,12.430000305175781,15.462399921417237,16.356375017166137,18.514630357206748,15.551869448243691,True,0.1739398485833894,False,False,True
IHRT,🐻🧊,1.9199999570846558,-2.5380746598692765,-6.341463329535306,-28.888891734213445,-49.47368470585578,-48.52547058266305,-53.734941856316674,-25.86872506903323,1.501064995338519,19.496852799611574,8.38,6.329999923706055,1.9199999570846558,2.7227999901771547,3.6019749850034715,2.7185553667701106,1.7739445926987312,False,0.4205278943099035,False,False,False
SOFI,🐻,15.800000190734863,1.2171719297658257,-0.7537681217588103,-8.775978815655412,-14.824793312290463,-7.331373033780768,-42.46175995078957,-39.671630895201936,0.621051999104573,30.303046844670874,4.84,32.209999084472656,15.149999618530273,17.393399906158447,18.673624954223634,17.61980690328835,15.10319276483299,False,0.15381316896244318,False,False,False
CNQ,🐂,49.650001525878906,1.223246275537182,2.773753083204696,-0.8388219922212784,17.540447100635255,8.070965503263231,48.866889351175544,62.71057570924482,0.6674125392658893,60.4900689332866,17.1,51.54999923706055,29.066333770751953,48.62019836425781,43.677108955383304,51.17144548826058,46.01455380983513,False,0.10612416841252767,False,False,True
GFS,,48.2400016784668,-2.2690415681435065,-0.6589779361090073,3.0053857419568195,-23.70873641031965,-1.2222565563198624,31.355368915135855,46.93788460465895,1.4320655260671067,49.190086995651555,1.79,89.60572814941406,32.113037109375,47.8424666595459,54.37326177597046,51.52537544295264,43.11866599991846,False,0.17764899543324383,False,False,True
BUD,🐻,77.33000183105469,-0.10334818146229693,3.354720858685197,-1.1504556912423274,-2.5702417096302717,3.7383710356204505,23.180165459197063,31.718827200843762,0.5879339483977842,47.75038285347924,2.78,86.4800033569336,58.49160385131836,78.86040008544921,76.05530025482177,81.1130090333707,72.42899078352383,False,0.11311586745259199,False,False,False
BLK,🤐,1082.3900146484375,1.5994780544419742,1.4946846271638594,0.2537850388936935,6.095400367214418,6.8798323468547435,1.3922056335438415,-2.3701630948089463,0.7054815674456476,47.27373472116522,3.72,1177.427734375,913.0429077148438,1106.009697265625,1051.4414868164063,1091.1414865480813,1043.6115163816064,True,0.044529713836913024,False,False,False
MFC,🧊,42.43000030517578,0.735995681748095,-1.1876999018252892,-2.437344981331316,2.6255920838537534,15.83041859456672,20.344779830390742,37.58028955541401,0.6598689104408483,29.287085602060372,7.09,44.59000015258789,30.78179931640625,43.397971572875974,38.89603019714355,44.868168845802956,41.76483057436306,False,0.07164332972909894,False,False,False
NVTS,🐻,10.779999732971191,-1.372374821742308,-12.64181847914761,-7.308687644932049,-17.647061823448585,9.775968105711403,28.63961319516512,30.984208172166618,0.85669917704908,33.87850233015182,3.7,31.790000915527344,7.139999866485596,12.111200008392334,13.301475002765656,12.821114178321263,10.394885806419946,False,0.20901347118331867,False,False,False
CART,🐂,47.7599983215332,3.153345806761934,4.576308816252699,-1.9905627535711024,0.10479823521275074,19.459727034458318,8.76793096674993,24.667179873375154,0.6783935188747384,61.9564992043043,5.42,51.779998779296875,32.93000030517578,47.510599822998046,42.60972476959228,48.59502781059811,41.60897151801517,False,0.15489460211476283,False,False,True
HRL,🐻🧊🤐,19.190000534057617,-1.1843436731861257,-4.432267893575645,-6.708795241809527,-22.652152570980704,-5.175340222112663,-14.714738057581167,-14.888611719299469,1.1753573199768874,25.482636856039278,4.75,26.195911407470703,19.190000534057617,22.072399940490723,22.73110047340393,21.134914310555104,19.112085430045482,True,0.10052072917470273,False,False,False
KNX,🐻,64.47000122070312,-0.8916246023742722,-1.1802524038616151,-5.1493304945445955,-14.044309097861202,4.820297860801641,24.51477478089449,54.0352204999876,0.8160198459079742,42.17043042420067,3.54,82.21296691894531,41.17246627807617,67.9977434539795,65.10312875747681,68.75355775622113,62.5074419233443,False,0.09517093193141685,False,False,False
SHC,,18.059999465942383,1.2899581784660017,-2.6415083087400166,-1.6875414214948525,1.6319583607664514,15.031845129606467,2.09157106113381,17.65471672394304,0.7837347162886223,38.571394511599074,7.48,19.56999969482422,13.130000114440918,18.682600059509276,17.01590003967285,19.21393200263309,17.73106826439572,False,0.08027412248042323,False,False,False
BRK-B,🐂🔥,515.6199951171875,0.8942388089969203,2.252803143529567,1.0286654878280086,4.995010886440293,7.378327848486285,3.7777978832833634,5.415736096729859,0.9197772516304394,70.8422284451656,2.67,529.4199829101562,465.3999938964844,507.76819885253906,492.9698495483398,518.9241828621815,495.3828209219981,False,0.04641861261404141,False,False,True
BNTX,🤐,96.95999908447266,5.322617484059985,-0.6964362038370447,0.23777082555283138,7.256634344984842,0.2688750200991553,0.27923946245634146,-4.997059177071927,1.478512082054957,47.5095796640367,2.85,119.33999633789062,83.88999938964844,98.90160034179688,97.78889995574951,101.22332169218599,93.63167937592924,True,0.07792093889961747,False,False,False
INTC,🛒🧊,104.69999694824219,-2.222641802497864,-9.888979474768826,1.709728448702662,-2.8396484106596573,60.63209030075476,165.8709855470637,187.87462200460513,0.6802161055273088,28.996564334755007,1.58,140.94000244140625,33.619998931884766,103.08060012817383,83.03270002365112,131.80491908984135,95.84708210034422,False,0.31590178695119087,False,False,True
GLXY,🐻🧊,20.329999923706055,1.219820016933952,-10.242824432218512,-16.68032687891236,-16.061104458841,-9.644444783528645,-17.858586166844223,-48.37481114197677,0.7647152212740623,18.35722846100124,6.67,42.86000061035156,16.84000015258789,23.01419994354248,24.81692500114441,26.964390604831763,19.619109303615502,False,0.3153597868623992,False,False,False
AAL,🐻,12.760000228881836,-0.3124996973201678,-0.5455938834019786,-1.9215987363705576,-18.570515847121445,13.624227506787816,-17.57105551542895,10.763886474348977,1.0023795254424819,33.46937806343928,1.13,18.149999618530273,10.180000305175781,13.80640007019043,13.772700037956238,13.854404409886955,12.448595658777597,False,0.10689341500509174,False,False,False
PATH,🤐,13.479999542236328,1.7358456017836084,2.4316086514784128,-1.9636396928267046,12.897822579350457,33.20157801060708,-15.113353620332049,-20.938415569335202,0.597187299653073,48.31803371631955,1.94,19.290000915527344,9.380000114440918,14.720799942016601,12.604499979019165,14.42463215424856,12.021367754198707,True,0.18174880196397586,False,False,False
CENX,🐻🤐,36.7599983215332,1.0445223811469655,-0.48727750911618706,-16.549378074436046,-20.22570125689634,-45.89343979898107,-10.210064595480413,21.36017567001522,0.532260535162895,35.519824826367824,5.46,68.7699966430664,26.190000534057617,43.037599868774414,50.555399856567384,41.46455411395354,34.44744539776521,True,0.1848748224608438,False,False,False
FLY,🐻,20.0,-3.241413032515449,-11.465250708691043,-5.3478429041527935,-7.1925721203504285,-48.453607233845965,-15.824916635780623,-29.47813974058983,0.7988547288051144,36.90309781120831,4.0,58.810001373291016,16.780000686645508,22.91119998931885,27.8175,24.773374741849945,19.649625403108548,False,0.23068002260189016,False,False,False
RKLB,🐻,68.20999908447266,-0.27778134088836715,-6.587233332953709,8.355835199020238,-13.450068268610456,-3.4126360356535357,-10.238187916841907,6.14689825230357,0.6905182461774385,46.73151749817652,2.22,150.22999572753906,39.47999954223633,70.5321997833252,81.60980009078979,77.22072208185351,62.22827656011425,False,0.2150240685518586,False,False,False
ON,,77.52999877929688,-2.367466057314323,-9.775400321246074,1.8255836627146256,-17.28369145143996,9.166435432190397,36.73720941106659,69.50152150037192,0.8152712871287129,60.2396927801727,2.72,133.92999267578125,44.900001525878906,76.42220016479492,81.14429996490479,87.51392623705009,64.94907425123115,False,0.296004301549258,False,False,True
AVGO,🐻,361.5400085449219,0.3887360025380754,-0.2675791549398219,0.05755849936757441,-6.916198246587226,-4.470945747025558,4.577584238236422,12.19792502449103,0.6938026721734233,49.37346439024257,2.01,479.93511962890625,292.41387939453125,371.38812744140625,367.1055670166016,376.06068557549366,334.11715866278763,False,0.11812119246748283,False,False,False
BBAI,🐻🧊,2.390000104904175,-1.2396682001644102,-8.429111074104974,-16.72473170016877,-22.903220050664718,-28.656711255449647,-59.07534173873113,-66.89750451030505,0.7580891919222061,13.043469246932261,9.67,8.90999984741211,2.390000104904175,2.9261999988555907,3.882199990749359,3.010800948146929,2.405199084277998,False,0.22363436493473676,False,False,False
PFE,🐂,28.280000686645508,1.6534902834915204,3.1740271582509285,2.0202070243963797,18.65867182547549,6.985023187033993,18.108292118790605,22.128095887284303,0.695090939725487,57.670466552587,4.48,29.020000457763672,22.642059326171875,27.6181999206543,25.900809898376465,28.864156133673614,27.120843523003632,False,0.062277846614653305,False,False,True
PBR,🐂🔥🚀,25.299999237060547,2.470630578405585,4.805301892051966,19.339614747978974,45.32398534674288,20.14751226136344,121.44637213297014,127.55521687332849,1.0867584302447355,83.88970814786968,1.62,25.299999237060547,11.06067180633545,19.970716094970705,17.660056204795836,24.976608556249058,18.626391130945766,False,0.2912743375849988,False,False,True
BSX,🤐,42.72999954223633,1.641290703336154,0.7782971803810127,-0.5816658973072479,0.23457300402435788,-32.36783897461324,-54.88332810126513,-55.214340318481824,0.6412000323647119,42.00321568574282,1.99,104.9800033569336,41.58000183105469,46.5379997253418,60.40895000457763,45.466730378597,41.53226940777996,True,0.09044841849855689,False,False,False
WDC,🐻,397.2799987792969,1.0093822291185697,-10.044383298115074,-11.158816296296903,-29.452614232979386,13.522715886666612,111.88142452290319,244.84595459199832,0.798334014253938,36.89954698918758,2.77,745.990478515625,112.91932678222656,457.52659118652343,405.7100402832031,483.66920360398694,386.5698009126146,False,0.22315571282698116,False,False,False
SLS,🐻🤐,11.649999618530273,3.463582430914089,0.1719647798156268,0.865795897350957,-12.994777297822651,144.74787937703434,167.81608905608275,509.94763466608697,0.6853701328817565,52.72373363979561,8.57,15.460000038146973,1.3899999856948853,12.401800003051758,8.009050009250641,12.134153594985886,11.052846393570022,True,0.09326840056493296,False,False,False
SEDG,🐻,32.209999084472656,-0.8007456928110288,-6.3118147650527145,-7.12226412620444,-41.984872444343516,-25.45707066203759,2.710454265235312,-8.128928058141815,0.43394609281367913,37.5,3.73,78.51000213623047,28.469999313354492,33.778400077819825,42.28685005187988,36.82030705846056,30.25169363581435,False,0.195867526081025,False,False,False
EXK,🧊,8.649999618530273,0.9334880578160346,0.5813864516596927,-15.029475842624631,7.054451735226959,-9.98959492657154,-4.102004661373739,12.924279253773488,0.8788608508542944,29.32960707828626,2.62,14.119999885559082,7.070000171661377,9.842400054931641,9.920700018405915,10.551396113337827,7.8456040087324865,False,0.29415579568967715,False,False,False
PPL,,34.25,0.4398871923491265,3.9453693686184144,0.49882089146604813,-4.335519190311268,-11.867338947716426,-0.1044635846664058,-5.025755420401069,0.8708990015901003,66.57458359765722,4.94,39.166866302490234,31.969999313354492,34.06409503936768,35.58698166847229,34.45949729614384,31.70450245208615,False,0.08327775994622784,False,False,True
QMCO,🐂,30.43000030517578,4.283755952457211,-10.526310476442365,29.050044120581642,202.48507987970052,373.9875380615575,334.7142900739397,177.64598721954602,0.6175986842105263,61.57134904154991,1.96,34.5,4.309999942779541,23.855999965667724,12.104099988937378,36.698638419559785,21.238361473628697,False,0.5336926998095639,False,False,True
CNC,,65.36000061035156,1.2705294130650364,1.6485186754042807,-1.5959012162233877,-4.889407087698512,74.4328755832506,56.43849334610134,82.77405950266629,0.5966881101565179,51.73060425733572,2.15,69.41000366210938,31.799999237060547,64.9039998626709,53.42824993133545,68.63935811891778,59.7646427355744,False,0.13823113492234937,False,False,True
ASX,🐂,46.43000030517578,2.585068552876923,-2.3143246420621226,17.63364294202743,15.039642227526084,76.63678806792987,178.15578200665948,323.25874758998276,0.7977927797458577,60.08968239102104,1.67,47.529998779296875,10.969649314880371,40.151800079345705,31.276293029785155,50.042276962502584,37.15172328163804,False,0.2956752447363666,False,False,True
SAP,🐂🤐,214.77999877929688,1.1205296380434093,3.3888481274563516,4.080247210719839,38.73780903459106,28.86339419450068,-7.769006534618381,-17.706599621291225,1.2683186935052484,62.11857969367977,2.05,275.6678466796875,146.3800048828125,210.0555990600586,191.12185150146485,216.60351567827445,205.80448297895214,True,0.05113081539010085,False,False,True
KLAR,🐻,14.0600004196167,4.457655124585929,7.410238775566704,1.663054932606325,-28.374931122169134,0.7163351088572092,-50.78753738256487,-63.75354450175177,1.4125482610896618,56.29138968282765,5.82,39.72999954223633,12.270000457763672,15.218200092315675,17.61525004386902,14.564823474746547,11.964176521438755,False,0.19606068481147026,False,False,False
ETN,🐂,429.6499938964844,1.210803988743916,-0.6819260669000893,1.0061825771509236,3.654966400858291,7.074907641731677,32.36506915597398,17.70898094252324,0.7713545467642551,46.222218498940265,3.83,459.9599914550781,313.2000427246094,426.3305194091797,390.4595774841309,459.50414706233465,395.0168459796575,False,0.15093204639270502,False,False,True
ARCC,🧊,18.559999465942383,-0.9605139134163453,-1.3815102715083458,-3.641760450757782,1.2299960749232957,7.241773439667151,-1.9589104957063384,8.52812821034155,0.8058960024142765,29.816527407148172,8.63,19.700546264648438,16.60262107849121,19.23151668548584,18.3201136302948,19.76656427708409,18.454435822098038,False,0.06866007962016303,False,False,False
LBRT,🐻🤐,19.0,0.7957539283539157,-3.0117414394708417,-9.351141078649379,-24.478520119027312,-31.34957406500014,1.7046280611019722,60.102591952770936,0.5702163746822857,51.28644530313247,4.62,33.682281494140625,11.75905704498291,19.667800979614256,24.727646074295045,20.077410697774482,17.86258964554827,True,0.11675387623532327,False,False,False
HST,,22.649999618530273,0.48801552145081695,0.9358247748431942,2.759383197409677,-2.2511230303599516,17.0683029047623,32.06347967149842,54.555111699564115,0.5834013586657946,63.39024857285321,4.77,25.31237030029297,14.654966354370117,22.49643325805664,20.733645687103273,22.832869551613197,21.55763433174862,False,0.05745531626382609,False,False,True
RNA,🐻🤐,8.399999618530273,1.6949078180278618,5.395230108635713,-18.918919914091983,-31.26023375633965,-36.84210903709656,-43.05085004386255,-43.05085004386255,0.5423561115956934,34.5098116213578,8.4,16.540000915527344,7.840000152587891,11.064600009918212,0.0,10.109675447979258,7.20832448717089,True,0.33506767197977977,False,False,False
RCL,🐂,282.260009765625,0.302052554086255,2.628808136718928,9.147888248072437,0.2993115541460468,1.062119177105674,1.2956375973436702,-5.485870544883782,0.4733289724072312,67.34208331707536,3.63,342.36553955078125,230.3000030517578,277.8258645629883,283.94914894104005,294.57153553895466,222.76835551329145,False,0.27758609481908986,False,False,True
ADP,🐂,270.8800048828125,0.0554034980968363,4.080532820524847,0.9766625742974335,10.62067784576346,40.58854075057196,9.518915840964178,-2.261049730144709,0.6401354479056908,51.224597221139945,4.89,285.6518859863281,186.1769256591797,270.76646911621094,235.2538410949707,278.278770992672,254.85922644385138,False,0.08785546954607744,False,False,True
TYL,🤐,329.54998779296875,-0.4831665810073298,0.3746285457210605,-2.1148380760955194,9.379660276332515,2.7115416936118915,-24.385655428432624,-34.640329747942026,0.6900280570493337,47.242747519470356,3.29,518.6900024414062,275.2699890136719,337.11280151367185,342.33990005493166,354.0554910816123,311.02250879631737,True,0.1294073245339443,False,False,False
MTCH,🐂🛒,41.09000015258789,-0.9879514395472515,1.884449013210789,-2.583546739471351,7.706924292755331,25.0459366763439,32.391851227972715,33.61263216834638,0.6229919184745639,36.56011823367726,3.22,44.17976379394531,28.425973892211914,40.41252143859863,35.326049365997314,44.251956260031655,38.38200484531503,False,0.14207116144978846,False,False,True
PEG,,72.27999877929688,0.6124755899718486,5.241698395638759,-0.15195553429897152,-9.393478794572301,-9.460577597745832,-8.428693892436131,-7.306534020307886,0.6099040374515046,65.26208902793786,3.54,84.74165344238281,66.55999755859375,72.0296420288086,77.45470958709717,73.09904661263681,65.47895173941396,False,0.10997553672069021,False,False,True
UAL,🐻,107.45999908447266,0.01861191605734714,-2.309091741388494,-2.1489716052719934,-10.710427547217776,12.878153917269472,-4.911072424427916,11.161685238340647,1.0577234543373573,35.73487022648527,4.3,136.11000061035156,85.20999908447266,114.6829995727539,109.02939990997315,115.68091981758835,105.35608045706985,False,0.09342181940298648,False,False,False
COPX,🤐,85.75,4.293357731558895,-0.6718427183515346,-3.1401771350153798,8.930384489689269,1.3802217436181081,17.768141624076563,45.64813404358148,1.0838142224107332,45.86502726672437,0.0,96.44999694824219,55.92421340942383,87.98039978027344,83.08514381408692,89.14887484277632,82.31912671362015,True,0.07966207184038175,False,False,False
GOOG,,347.8599853515625,0.8699182646376598,1.1720905495977898,3.6994999829876676,-2.587008451644044,9.111651414787303,10.535541934831341,46.85590087878987,0.6403146774090548,47.15660905623129,2.96,398.541259765625,236.87164306640625,343.27848266601563,338.02279922485354,351.1334977058558,333.76149435957393,False,0.05072895421207075,False,False,True
TEVA,⚡🐂🤐🚀,41.099998474121094,4.7133719085887735,3.6308588811125446,10.811534928649529,29.164044212125944,31.942211805588084,32.79482216793863,105.19219703034493,2.820363754002198,56.59896548135132,9.08,41.099998474121094,18.950000762939453,37.61979988098145,33.91129998207092,40.56540815412211,38.24659173906636,True,0.05884424753079155,False,False,True
IHI,🤐,51.7400016784668,1.2524524920873024,0.2907569789401944,1.8493277980754754,5.284316217836885,-3.747572014936468,-16.07773500677122,-11.623756398455255,0.6364106378521334,48.264469063097025,0.0,64.1578369140625,47.40404510498047,53.23733139038086,54.07415517807007,52.48158679578593,50.53931393053243,True,0.037706384851230776,False,False,False
PCAR,🐻🧊,108.04000091552734,-1.4772959077893848,-1.2070223916030896,-11.969365305632367,-12.597966863928406,-14.694177742372785,-2.343592035231014,19.036020515424184,0.8280362753407983,27.41394409585922,3.45,137.84500122070312,90.76244354248047,122.05385528564453,120.18706020355225,121.83195934106851,103.74604129980062,False,0.16035178953519963,False,False,False
VIXY,🐻,16.299999237060547,-1.2121258359966856,-1.4510378789730853,-5.780347075725713,-21.103584910711895,-43.046824741123416,-35.343118488647455,-55.19516558962814,0.6701014705816238,40.697657011085354,0.0,38.95000076293945,16.100000381469727,17.7992000579834,24.34205002784729,17.66627319331969,15.96572715763246,False,0.10112666614783063,False,False,False
ETR,🐻💀🤐,102.80000305175781,0.3024736017658449,1.9638993879457838,-2.4019735453483584,-10.394530809947081,-9.843009819965735,11.508462441849755,10.60289411766251,0.7600328117112569,55.2136749907404,5.7,116.66356658935547,89.56781005859375,104.55125396728516,105.66240341186523,104.80910812338126,97.53989395181404,True,0.07184828288766061,False,True,False
IR,🔥,78.75,0.9615384615384616,0.2546109999644512,7.980254587234903,-0.30554722508355825,-10.148642386997027,-1.1937348186615295,3.5849792788294024,0.5117354907909424,70.12498843670994,2.86,98.68746185302734,68.5238265991211,78.54430801391601,81.50510738372803,80.240632085687,70.18336846362942,False,0.13371886913432152,False,False,True
MSFT,🐂🔥🚀,535.0700073242188,2.3841913323325286,1.8831666831114566,7.957549392259152,39.26617391410715,39.771150031795564,13.854736486661992,5.580163049369091,0.8327491408315417,72.33046922543627,2.83,537.6463623046875,352.1670227050781,500.1885009765625,432.70456314086914,536.5778443202987,483.62115165138096,False,0.10381639832624931,False,False,True
APQT,🚀,0.00019999999494757503,0.0,0.0,0.0,0.0,0.0,0.0,0.0,0.0,,0.0,0.00019999999494757503,0.00019999999494757503,0.00019999999494757503,0.00019999999494757503,0.00019999999494757503,0.00019999999494757503,False,0.0,False,False,False
AMCR,🐻🤐,41.720001220703125,-0.3820435609633331,-0.19138281774535143,-1.4177657808312183,-1.0766055511405275,5.040018202272076,3.6599676811617416,11.61778846987978,0.8152093993367645,45.96623318995441,6.52,48.411231994628906,35.57765197753906,44.27157318115234,41.7960671043396,43.07788667725695,41.219113826283085,True,0.04410056917495671,False,False,False
UNP,🐻🤐,278.3399963378906,0.05031780183934767,0.46199335543781483,-2.1308008750518685,-3.0066967438077556,11.834365888810659,21.837516448404358,26.061774193994246,0.5433905096030219,68.58729304867582,11.07,309.1851806640625,211.9039306640625,288.0203448486328,263.8095774078369,284.9407885436599,268.5832135315354,True,0.05910339913282504,False,False,False
ALGN,🐻,142.7100067138672,1.1912415437224952,1.4646376870083204,-5.377271062530478,-20.032499526529524,-21.010677943097985,-8.536814823840833,13.450994256453066,1.1288230617965775,42.87180172035585,4.57,197.50999450683594,125.79000091552734,156.99720062255858,169.83080009460448,153.54252719978152,138.2254735936755,False,0.10499474626725074,False,False,False
USB,🐻,57.08000183105469,0.08767850750150233,-0.33175942935273306,-8.31456152271364,-7.281738117776864,2.828198433563908,8.86003676301012,30.909365143147756,0.6043311033107318,30.350419242123365,3.31,64.8123779296875,43.60268783569336,60.98939849853516,56.73164878845215,61.50753003965997,55.367641621716984,False,0.10506745497208107,False,False,False
AGNC,🐻🧊💀,8.670000076293945,-0.11521000610878918,0.23121917509483272,-13.482642005592746,-19.69657461476032,-11.75929438138208,-12.222070633821998,0.02445832188625923,0.7236550978607823,19.918292104503962,3.45,11.037976264953613,8.460000038146973,10.046621723175049,10.081476368904113,10.352419635888547,8.277954795721561,False,0.22269706363466818,False,True,False
GILD,🐂🚀,151.1699981689453,2.766819780119925,4.521878631914511,5.776107875203313,16.90359510866038,10.062955476786529,26.5538978476424,32.194872167804924,1.0091952963358837,51.353751065845735,3.7,153.04669189453125,114.3539047241211,144.2179977416992,135.89685585021974,154.16409370356652,143.29090812748817,False,0.07310810380827949,False,False,True
LEU,🐻🤐,142.44000244140625,0.2463270550611522,0.7070135624568203,-6.480201743415108,-10.628687365056704,-25.808636717561882,-47.72843947104358,-60.83692893023011,0.726527192403392,37.887962513983986,7.97,436.0,138.17999267578125,166.66259979248048,198.07815048217773,156.96869263092046,133.45630889495843,True,0.16191707747218118,False,False,False
Z,🐻,29.010000228881836,-0.5485082173247543,5.837287086379861,-10.738460834209736,-8.945387089991891,-28.35268207877156,-55.99211008087019,-58.3727949309906,1.0016924402438845,40.26129299120083,3.9,78.04000091552734,27.1299991607666,32.37300003051758,41.73259998321533,32.758643694444004,25.379356412367525,False,0.25385418378751257,False,False,False
BBY,🐂🛒,87.01000213623047,-1.5723974724610363,-0.43482922081697645,-3.1685155617517937,4.695153622568949,46.41417614211164,30.745237795529068,30.12064647213295,0.6879482450747929,32.72121306039617,3.94,94.81999969482422,54.221927642822266,86.83813812255859,71.82528280258178,96.07454364771054,83.94316493993595,False,0.1347798369721843,False,False,True
BRX,🐻💀🤐,27.299999237060547,0.8124051476156133,0.9242144438121871,-3.903832006928186,-12.74200758841913,-5.894621499524216,9.87141193249182,7.510798167133986,0.5179133523331491,42.834033011651606,7.41,32.324798583984375,23.612524032592773,28.62604679107666,28.804279460906983,28.19195926627028,26.833661766444564,True,0.04936963815522071,False,True,False
IHF,,56.7599983215332,1.7386581647032953,1.284791924060025,0.45969244775257007,-0.2274225486949187,27.502236750855563,18.072178539964966,15.624907721033573,0.8149715688808478,57.14283984264069,0.0,57.97687911987305,40.84865951538086,56.39356491088867,50.67559663772583,57.430859406482675,54.258940474498765,False,0.0567987217340162,False,False,True
FRO,🐂🔥🚀,56.099998474121094,-0.28439362279694613,4.372090184411337,21.680878773186034,56.016554458731136,79.35626027923604,213.2649521489695,183.6336396715459,0.6610940694133992,73.21032271214574,2.43,56.2599983215332,17.90816307067871,44.287721481323246,33.842525787353516,56.15721578615273,44.99260835630332,False,0.22075386733496538,False,False,True
GLPI,🐻,38.279998779296875,0.05227511406453818,0.9759929659034892,-4.870782349441991,-10.899607571472346,-15.170992860324361,-9.063704881633145,-7.810324419927997,0.6273264054587283,34.168597184253926,2.33,47.21281051635742,37.59000015258789,40.77452903747559,43.49080654144287,41.05698852650931,36.77601089365671,False,0.11000417984003387,False,False,False
FINX,🐻,24.993999481201172,1.808555022153991,0.176347562790756,-4.416997511307217,-1.9458622768564828,4.321822580072481,-15.07331604086963,-24.723106946746412,0.8815498634767911,35.166478804881535,0.0,34.94974136352539,22.211576461791992,26.070180130004882,25.69013433456421,26.43087327160476,23.87792685351731,False,0.10149104775856575,False,False,False
GEN,🐻🧊,23.25,2.197802197802198,4.3536772148122225,-23.165896152872794,-12.10953832851534,24.15463759182478,-9.463270174652603,-10.580898283125101,0.5531417242879219,25.49833843623064,3.2,31.40999984741211,17.716533660888672,27.53502799987793,24.30984887123108,32.759365240622756,17.370634683083296,False,0.6139529455798886,False,False,False
XOM,🐂🔥🚀,168.94000244140625,0.2611290453449555,3.012196610613567,1.7772135975763172,17.19203627986575,12.151475701303031,40.50471356607273,56.99117634213808,0.6025643797059036,81.3679667545068,2.75,169.32000732421875,107.52367401123047,161.34762969970703,148.93827808380126,169.38129977144052,157.6107030972118,False,0.07199317763717174,False,False,True
STNE,🐂🔥,12.460000038146973,7.4137898999645,7.972271051430896,23.366332351898635,10.265485202055311,2.0474462474771773,2.672650508543784,-12.51384919036893,1.3220841299449106,81.0383859433091,1.72,16.01840591430664,9.119999885559082,10.0746000289917,11.39071668624878,12.127289564054005,8.043710535128126,False,0.40489603974484684,False,False,True
CCL,🔥,26.350000381469727,0.8419488242213575,3.0907704696159577,15.824177500965831,-0.04525641830793234,-3.9630781362996843,-13.410621388188988,-3.3100939093149444,0.5307108925131168,76.09819146917563,1.55,33.45243453979492,21.790000915527344,25.12573226928711,27.170010747909547,27.48852585054859,19.99647418759838,False,0.3155544553830257,False,False,True
ALB,🐻🧊🤐,101.2699966430664,-0.8129303070117724,-2.97020793516952,-13.82743402329627,-21.07870225196027,-45.06252908047787,-29.046813621307066,13.989703737710842,1.0275586119383129,28.256822522847585,4.53,214.34884643554688,87.44734191894531,121.40468063354493,153.60034999847412,117.97413154512051,99.25886863798496,True,0.1723058917508894,False,False,False
SHW,🐻🤐,319.3599853515625,-0.5202047889868645,0.2826081519289772,-1.2217414360393808,-2.5576413722657505,-4.022937377664598,-1.8918521618542545,-3.1310905882889823,0.5031664540544534,48.326746601277684,4.02,369.9613342285156,292.3243408203125,336.9010467529297,331.8352363586426,331.7968872725628,314.03011162880443,True,0.05502023196299281,False,False,False
FTV,🐻💀🤐,57.2599983215332,1.488834065666885,-0.20913688453852966,4.69921331021776,-5.521245684358249,-4.068661649130171,3.717135906773207,20.32164777491726,0.7056410713688599,61.43308038682406,7.41,64.01206970214844,47.589107513427734,57.93673133850098,58.22172971725464,57.861570920016675,54.19842854592571,True,0.0653782329385836,False,True,False
BA,🐻,190.3699951171875,1.3954701023635152,-1.2193887965081507,-9.541459787235414,-12.316339836023717,-14.301793625529918,-16.42007659205869,-9.661652836872731,0.5555537354881476,37.90936585258996,1.96,252.14999389648438,179.1199951171875,209.75740020751954,220.23625007629394,209.69259645477325,180.68040464385956,False,0.14863831120115495,False,False,False
PBF,🐂,84.2699966430664,-5.674949521655559,0.13069507624861526,7.6245125908389975,38.91083000684717,109.58638070689959,200.83269073573425,212.14075648819795,0.8600235643111375,68.63735609560308,3.01,89.33999633789062,25.54779624938965,73.6800040435791,49.40975923538208,88.37515705921356,66.56584406993682,False,0.28151764646334887,False,False,True
ZM,🐂🤐,97.73999786376953,3.2428433022102596,4.400763721765557,2.2705850956101163,7.229836782854712,18.043471330155402,17.306766948825462,21.748878114053177,0.8042424572486657,68.91591716031263,2.12,111.87999725341797,72.72000122070312,97.61189987182617,91.26639991760254,97.36774828029192,86.95375135349715,True,0.1129981792410039,False,False,True
HSAI,🤐,16.010000228881836,2.5624636835497165,0.6285379159572553,-7.51010558734164,2.5624636835497165,-28.33482489019939,-33.5132878753855,-27.392286699162238,0.5398335920205592,36.178866516327396,6.54,28.790000915527344,14.600000381469727,17.30850004196167,20.703800044059754,17.381503535585654,15.140996788663612,True,0.13778194939406224,False,False,False
UBER,🐻🤐,71.51000213623047,1.8080926980153254,2.9217021894318838,-0.2232399006592555,-0.7907875698452634,-1.1473517330348793,-13.697801581603123,-23.436829798748175,0.9613368026045684,52.827025408751574,2.64,99.72000122070312,65.94000244140625,73.07999984741211,74.47555004119873,72.40087126924885,67.21612931058513,True,0.07427092599226912,False,False,False
DELL,🐂🤐🚀,586.0599975585938,2.0033086781254053,6.114545053283233,3.3087169275437605,28.301007680617573,210.26122331271148,362.77065897840754,294.18748359178346,0.693643222179836,53.15600628162225,1.13,588.4000244140625,110.54472351074219,505.6542016601563,303.8028189468384,593.0503863528821,523.109623412743,True,0.1253239003874105,False,False,True
DHR,🐂,219.80999755859375,1.0806542684506897,-0.6328869005841741,10.022759192559235,10.625237677186615,12.654510749651724,-4.024855588916467,9.371151872000505,0.855638232745169,54.538123470462615,2.17,240.6086883544922,161.28895568847656,210.73859954833983,200.693637008667,229.89349020795765,204.18758431596814,False,0.11843827063956759,False,False,True
ARQT,,26.579999923706055,8.534096252024854,5.685885991513778,11.283230768260218,-0.8578871570978733,10.199000824540775,-8.344827849289468,32.56858321757645,0.49334030479734553,52.963674858722186,6.49,31.200000762939453,19.5,25.390700073242186,25.114825038909913,28.109128154223423,23.3248716703005,False,0.1860347824491679,False,False,True
BLSH,🐂🛒🧊,32.59000015258789,3.7567663511880034,-5.123721687671009,-7.20386918064493,31.14687988854023,-16.350100312049292,-16.98929815105716,-46.05197776046012,0.6499679593259488,16.503997646870076,5.47,60.40999984741211,21.790000915527344,31.774000129699708,33.16754990577698,41.62740365948719,29.948596554135854,False,0.3263330465657541,False,False,True
NVO,🐻,38.63999938964844,1.2048168695543398,2.9302036422330264,-10.285582392767328,-20.249124741646536,3.037797247576702,-22.5635059134018,-28.73883796661605,0.6263120242995696,38.93130271141897,2.34,60.937870025634766,34.32636642456055,43.30207748413086,44.384664402008056,43.685430974357445,35.1855685526201,False,0.215538346736179,False,False,False
KKR,🐻🧊,90.94999694824219,1.5520315180212507,1.1004867428243534,-10.021769587760604,-6.2618745332161385,-6.967968444178899,-29.03958354960956,-22.24638774371711,1.0087321348596199,19.392796603359386,3.52,141.96151733398438,83.55693817138672,102.23977737426758,101.63809085845948,103.12771104275467,86.36828733981369,False,0.17688419645786746,False,False,False
YMM,🐻🤐,8.5600004196167,2.7611104203746053,1.7835977993596208,4.773565969165387,-0.9259250061011975,2.6573088259009294,-22.370498230855937,-25.86317205260257,1.0326121598636604,62.67607714821844,3.34,13.036053657531738,7.46694803237915,8.634800090789795,8.87560054063797,8.530365995897087,7.9656341032850415,True,0.06846894874110059,False,False,False
NU,🐂,16.1200008392334,4.811448109793337,6.192361759947489,10.259924524048346,15.22516871310136,7.826093945788302,-5.287894208720416,8.042900514766803,0.8951768025344492,65.74923877394812,1.8,18.760000228881836,11.600000381469727,14.374200019836426,14.684700026512147,16.210923339554597,11.8660768015892,False,0.3094950682853398,False,False,True
ACHR,,4.960000038146973,5.084751242024469,5.084751242024469,-11.111109212118022,2.2680440345851474,-8.990821803060472,-38.99139030346667,-58.56307495824189,1.4640707166676719,36.72317677906638,4.41,13.029999732971191,4.440000057220459,5.591999998092652,6.122700009346008,5.918442499830701,4.469557463929674,False,0.2789536081932256,False,False,False
GOLD,,40.689998626708984,-2.328375478290792,-2.2814620001546397,-13.442950547043326,6.828277571832355,-4.574051905707348,21.060494956360795,60.33228250280745,0.5315639111602617,30.966979810619506,4.81,62.00253677368164,23.719253540039062,43.5148397064209,43.41148859024048,47.505882190599785,39.51032226191486,False,0.18377174640036523,False,False,False
DASH,🤐,196.5,2.49856195210614,2.4664940408609626,-2.6986863236442478,4.638163387436667,23.112586459858658,-10.59647572572279,-26.13337037996004,0.5727419616240295,52.23169385079901,3.76,273.5199890136719,146.60000610351562,206.24420043945312,185.80347511291504,202.94599890589194,179.80050225377602,True,0.12094426249221524,False,False,False
TSM,🐂,453.30999755859375,-1.0218547949893573,-6.687935580644995,4.913237171507424,8.120095346764607,23.275840534145498,42.947443889224374,63.22515472205412,0.9133753332917492,54.71762682474677,3.14,485.79998779296875,272.1793212890625,431.75230285644534,390.0729090881348,490.8532894061057,409.87117348451926,False,0.17981551352940242,False,False,True
FNB,🐻,17.059999465942383,-1.273155161811703,-1.9540239082867832,-6.826870761657146,-9.51800817988049,-2.74564183059751,1.4218339981508028,15.079007227986201,1.5823480286580809,32.51032359698374,5.44,19.351015090942383,14.232002258300781,18.198747673034667,17.66182159423828,18.311625269195215,16.796374723175393,False,0.08631938853532549,False,False,False
APP,🐻🧊,277.0400085449219,-1.0995239989837642,-1.7484103466462213,-14.483264646172337,-38.2956920651512,-33.63516578183116,-55.194720328748026,-51.38710954326397,0.600973668829165,18.98424416905985,2.41,733.5999755859375,268.2200012207031,318.1727996826172,445.79330078125,347.0861092211868,260.14889138916476,False,0.2863379671614404,False,False,False
TD,⚡🐻🧊,115.0999984741211,1.6308620071398463,-1.0249032826335702,-4.191261242758484,-5.680470812805796,14.337992351843976,24.385648279455705,50.14582760862726,2.0988689431127354,27.18540672174457,7.5,123.93875122070312,76.65880584716797,119.26680694580078,107.00368976593018,123.81289290598251,112.92300415822648,False,0.0920003166634455,False,False,False
CLS,🐂✨,362.1600036621094,1.5791111272792635,-5.364655112055149,4.50440525724853,4.964787103561374,-0.9029682783688184,19.761908390144235,48.596751127598964,0.5850220018030065,56.59830863068202,1.93,472.3999938964844,243.72000122070312,334.327998046875,332.8304987335205,400.814087218212,311.85090911967865,False,0.2496633861791464,True,False,True
GPK,🐻🧊🤐,8.350000381469727,-2.680647369248249,-3.019736185539616,-11.077797088897016,-18.222563526740853,-12.904530518991159,-43.02277758761387,-50.35164801765192,0.9824096167775648,26.562487582353825,3.37,17.11603546142578,8.350000381469727,10.28772409439087,10.953771166801452,10.040487783907174,8.259512311460256,True,0.19464212712192994,False,False,False
VIAV,🐂🔥,45.459999084472656,3.1072781291527227,-3.091027004169657,17.316126669606856,8.626047173177053,9.594984537508875,150.46831977924776,270.4971262304108,0.4729511292907775,76.09921484730562,2.43,55.33000183105469,12.270000457763672,39.31540023803711,37.49875000953674,50.41660954679629,30.228390148027934,False,0.5006688443217646,False,False,True
TSLA,,382.70001220703125,2.0533365885416663,1.0482404630053042,4.7230761959050795,-3.4024889489514196,8.592020210425975,-12.639531168863558,-7.446365995435906,1.0987453365883353,54.95183436215757,1.79,489.8800048828125,298.32000732421875,354.74499755859375,390.60454925537107,389.713285461411,347.60570867921405,False,0.11421807146383095,False,False,True
PLD,🐻🧊,129.49000549316406,0.15470045434111923,1.1008772969641705,-3.8540815176229133,-8.401930862498256,-4.144836538348585,2.6912062093988895,20.071367149958384,0.882545428856671,27.114963872090982,5.29,148.87799072265625,107.84420013427734,136.16879943847655,136.07244064331056,137.85450092649353,126.146011768819,False,0.0887005031780942,False,False,False
NG,🤐,6.710000038146973,6.847130795744761,1.5128578307516678,-10.533332824707031,13.728812367571614,-31.390590783702855,-27.065215464575715,-30.82474051455351,1.064954537925744,38.09523227304857,4.09,14.199999809265137,5.179999828338623,7.52160002708435,8.507700009346008,7.754061346236021,6.0559387395946676,True,0.24592651645001196,False,False,False
MHK,,118.06999969482422,-1.1470217000825282,-5.491075477142504,-6.877514912641057,7.414484772236333,12.447618756975446,7.816635368105565,0.45090928634394856,0.8383217981846749,51.57109654621863,4.99,140.10000610351562,94.33000183105469,129.02360046386718,115.51395011901856,131.46752113014057,116.18647972435161,False,0.12340637625933006,False,False,False
CAH,🐂,237.57000732421875,-0.5816870399207994,1.9088934026419595,1.5143577393135312,3.481914478705815,11.420578765709166,16.28381745874843,52.86548633901242,0.5406030652751124,66.32523327066501,4.06,248.033447265625,151.8349151611328,232.78843292236328,217.9192628479004,240.065018594026,215.65939089083727,False,0.10710695848298352,False,False,True
CEG,🐂,298.07000732421875,4.560283321989292,11.378078156565829,4.677790105081211,16.417040165791775,2.4928110856244485,-18.254550725758456,-18.65824163899451,1.0416140611461815,67.83730924624925,4.04,401.7044372558594,236.1370086669922,273.87562255859376,285.4471280670166,297.79772192272753,238.40527490344437,False,0.2215297093482572,False,False,True
RF,🐻🧊,27.030000686645508,-0.147761391317484,-0.147761391317484,-10.288743977655724,-11.694247288671942,-0.9521353975409383,0.9797630825983031,16.402528615389063,0.9594188106854363,27.777799466277017,7.22,32.07469940185547,22.4426212310791,29.432752151489257,28.232090816497802,29.606059314598543,25.78394045651962,False,0.13800754193437925,False,False,False
DD,🐻🤐,130.0,-1.8719775117138966,-0.5279688029048792,2.3702670973028086,-2.681721867164699,-7.324087004630271,7.345336429077441,42.99672815561112,0.629022775491424,50.59156769953537,4.41,152.6917724609375,90.91117095947266,134.4618292236328,136.95510425567628,133.89101412433953,126.05598447185186,True,0.060281747393120096,False,False,False
STUB,🐻,6.119999885559082,-0.32573259546276234,10.669071489441766,1.4925318842334314,-42.64292556889309,-6.564889964186982,-57.17284883207597,-67.60190532926755,0.6665329099983598,53.99061190516806,4.33,20.1299991607666,5.300000190734863,6.6633999633789065,9.061799976825714,6.296207063297014,5.129792911907454,False,0.2041684148294753,False,False,False
TOST,🤐,31.309999465942383,2.5548600122962446,4.227691450430652,-2.521791696382391,4.366664886474609,15.322283262843396,-7.9659052185663395,-10.491709903719789,0.6735712387795889,64.43595517911032,4.06,39.02000045776367,22.329999923706055,32.84400012969971,29.638949909210204,32.331283995897245,28.4827159430676,True,0.1265684893837672,False,False,False
INSM,🐻🧊,100.5999984741211,0.1194218881156315,-3.110857459281607,-22.26257968681575,-8.63681961993961,-33.4391961887151,-43.20234798586046,-38.027476535840385,0.9039100145031838,20.790393435753302,6.46,211.41000366210938,91.87999725341797,119.64560073852539,131.06465023040772,131.05660386500608,97.97839674534549,False,0.28884849068055996,False,False,False
GNOM,🐂,68.75,4.43566472387341,-4.910100832522029,10.496790440516929,23.285216089793316,53.60101237030881,50.70497876488379,70.05445452672892,0.6103227426849177,52.779133546942525,0.0,72.30000305175781,40.428226470947266,64.28211990356445,52.177157440185546,73.01070166899746,62.99779900238926,False,0.14723936543937946,False,False,True
RIVN,🐻🧊,13.960000038146973,-2.5819950281157564,-4.383563880827293,-12.913291078165951,-20.22857121058873,-12.201255515266647,-28.078309387476747,9.06249867286535,1.002456860511686,28.52761472028382,8.01,22.450000762939453,12.5,15.518899917602539,16.019599947929382,15.922927745981141,13.957072273092344,False,0.1315833649018689,False,False,False
ASTS,⚡🐻,50.96500015258789,-10.477779941352965,-12.790894335690103,-14.859673182538296,-25.94449232986433,-48.50459783370526,-38.94213560889825,-37.8702902462426,4.861272359072775,32.01054069954496,6.39,133.08999633789062,50.70000076293945,62.84749992370605,80.75039991378785,65.20717666452249,54.048323747464806,False,0.18714194110137705,False,False,False
INCY,🐻🧊,112.79000091552734,0.035477530401191795,-1.174096530393542,-7.145797495634156,-1.8192865493200057,18.04290665949107,11.210809457560721,34.59426826734636,0.6423691117834459,20.020219053893314,6.5,129.92999267578125,83.80000305175781,122.61080017089844,107.20790008544923,131.28928890047115,110.09171161832768,False,0.17563583908081942,False,False,False
MGNI,🐂🚀,25.399999618530273,-0.19646814503043886,1.7628227171343798,6.857379593504455,25.742567619755523,110.0909784777244,58.15691446562467,45.14285496303013,0.6765452137502954,50.69124518475199,4.47,25.670000076293945,11.199999809265137,23.964999809265137,17.08744993686676,26.204770765959466,23.26622876101807,False,0.11879857019419833,False,False,True
EBC,🐻,21.030000686645508,-0.2371880324549667,-0.988696265233533,-2.6388874294336206,-5.647043661673886,2.805195226594655,15.83515145810157,21.364997477106836,1.439006689385334,41.071446141968885,7.87,23.490489959716797,16.26799774169922,22.031250648498535,20.610127534866333,21.88637346723674,20.72912660142781,False,0.054311077609991966,False,False,False
VYM,🐻,158.75,0.315955766192733,1.0953328880302413,-2.0183826662918367,-0.342331845214433,4.850931810975977,11.609078149977059,18.30672319792403,0.7829244012414358,46.94796389387319,0.0,166.10748291015625,134.1851043701172,161.42258544921876,154.42558349609374,161.13042020029079,154.84314699941623,False,0.039796197236338836,False,False,False
INTU,,302.75,-0.3718589129443618,6.843523780342345,-5.413401714388959,7.694704310247219,-17.304706011312497,-51.22517319823928,-52.162228029539456,0.6806208769075434,50.027061207925726,2.02,673.889892578125,252.76611328125,320.2659466552734,380.77507919311523,332.58410079750405,254.40291397300376,False,0.26638131630583517,False,False,False
YPF,,50.040000915527344,0.2805598905158984,-2.341921786945889,-9.918989013877738,0.481931088641846,15.0080506685803,37.889224726133335,89.4019711242434,0.9908903616551245,33.81444377414171,3.8,57.61000061035156,24.709999084472656,51.72020011901856,45.26704999923706,57.25726478690804,47.41973564033806,False,0.18795970664840322,False,False,False
WULF,🐻🧊,13.770000457763672,0.8791270519194285,-6.8965483889126435,-17.741931624626947,-29.057184100907683,-29.203085256421197,8.084777905416765,1.9245020316580337,0.5099159524979486,17.491173460498857,4.35,28.979999542236328,10.989999771118164,16.131599998474123,18.11670000076294,17.616646619534546,13.281353525423947,False,0.28061965653255855,False,False,False
TRP,🐻💀,60.04999923706055,0.11670506061762609,0.9583048070124244,-0.3117603173001898,-11.439951474029245,-1.9802707061755662,10.604579462924702,17.183447374764228,0.37841584819937196,51.277366790431444,17.66,69.8453598022461,48.332271575927734,61.315229949951174,62.02080303192139,61.45298302593865,57.511328573792795,False,0.06626616670397734,False,True,False
VICI,🐻🧊,22.8799991607666,0.3949023327065334,1.553477423232183,-6.09239946080887,-11.273757645298108,-16.31108362962249,-14.40521778356796,-20.916930964528312,0.7467659632130056,27.05879801007231,2.57,29.361467361450195,22.530000686645508,24.657612380981444,26.412298135757446,24.661016476087287,22.097595775194453,False,0.10964485802602349,False,False,False
HYMC,🐻,19.190000534057617,5.381666660382157,2.0744750682130797,-9.395655063479227,-12.214089669465041,-51.49140579400038,-21.3524555980566,157.5839063806702,0.7269485353635541,43.33996291479123,5.78,55.7400016784668,6.75,22.68989990234375,30.85149990081787,22.581320233763698,17.415679506836888,False,0.2583014106272184,False,False,False
IRT,🐻🤐,14.770000457763672,0.8879789029527619,0.33967520263473255,-1.5702774735638987,-9.658759942223485,-2.617306381898018,-13.141773556953092,-4.25119986863763,0.6954103613851395,59.449429073259644,4.83,17.139413833618164,14.403035163879395,15.620981788635254,15.895823307037354,15.03349382084434,14.240385421099019,True,0.05418539806019031,False,False,False
SNPS,🐂🔥,509.989990234375,2.4590638341285787,4.405590713839682,28.33811061650453,19.744070801355498,22.074348001499253,6.155026014770426,16.192010988886448,0.8409845476917889,86.42056644765526,2.49,534.5599975585938,367.70001220703125,419.84240173339845,445.8221516418457,535.6396996898121,336.42930360608636,False,0.4568684251609214,False,False,True
CP,🐻,84.45999908447266,0.13040973603018038,-1.5617761300973558,-5.139327783312337,-7.34080141795176,4.1733651119749196,14.1783009946408,13.492301727264769,0.6315344313135822,38.85417937286781,8.32,96.4796142578125,68.43778228759766,89.78436950683594,84.55198894500732,89.79358195665488,83.26283741590372,False,0.07547532260784465,False,False,False
WDAY,🤐,186.58999633789062,-0.6495933318579081,-1.2542391467869454,0.4792673151720599,33.45969501193331,55.595396253275034,-9.329898233460888,-19.98027180774056,0.790373255450355,41.14324630916829,4.66,245.6699981689453,112.5,189.19659942626953,156.48249950408936,196.6148948350457,182.7901054701301,True,0.07287615795150608,False,False,False
GM,,82.7300033569336,0.5835907075180471,3.1160412506500865,-3.375378763070417,7.845823928124446,8.135868659577733,2.8371287660174644,50.75655031851384,0.8518148156761213,47.17070199967232,2.68,90.1136474609375,54.876556396484375,84.73949569702148,80.38426452636719,87.43531457259841,76.95568503067308,False,0.1274963905227909,False,False,False
HBM,🤐,26.1200008392334,2.875153474334404,-4.181949303289491,-1.5082941614851082,16.1185215208077,7.061345580945111,30.05874599858415,57.76589377785433,1.1104915627292737,46.41408288574754,2.18,31.85332489013672,14.567837715148926,27.102551040649413,24.638276538848878,27.860531997293386,25.06846828499421,True,0.10550222741439248,False,False,False
TAK,🐂🚀,18.729999542236328,1.1339043157778306,5.165637865701448,2.5739282993605577,14.276999632262239,5.106621004468462,19.910369266727628,36.61560532546762,0.7972248723546638,47.08029654380286,1.28,19.049999237060547,13.229999542236328,18.112799949645996,17.253449959754946,19.320374711991686,17.764625516890153,False,0.08390180318186513,False,False,True
LCID,🐻🧊🤐,3.7899999618530273,-0.785339578901603,-9.112712409795447,-10.189569898511646,-17.965366758999682,-58.982683379499846,-66.00896778907153,-81.93517614610472,0.628205110386214,28.925611041183743,8.47,21.920000076293945,3.7899999618530273,5.062100019454956,7.457850003242493,4.38875424805659,3.7992458587549343,True,0.14399325393541434,False,False,False
QBTS,🐻🧊,14.569999694824219,-0.205484149737315,-6.841436221293656,-13.273807401830009,-23.113461170308813,-0.5460745787656238,-48.204763137194654,-55.87522867099622,0.6803658273441001,19.009885732803454,4.53,44.779998779296875,12.979999542236328,17.901900043487547,20.517199954986573,18.36379127227277,14.556208899388608,False,0.23132335073083354,False,False,False
STLA,🐻,4.480000019073486,-0.8849549119871483,-0.22271163818316753,-17.037038149002957,-21.265378312457393,-43.859649017975386,-60.77057802851302,-54.3323157243195,0.8665855106634717,40.57143075125558,7.48,12.119999885559082,4.360000133514404,5.118000011444092,7.059750010967255,5.184873828394643,4.185126200215587,False,0.2133933031219724,False,False,False
WMB,,72.66999816894531,0.45618170826729415,2.626748587037377,-0.2470834714426573,-3.661859976057575,3.072746727427452,22.051927606371915,19.60262053367494,0.9410539767306256,54.85713040097947,3.36,78.24972534179688,54.83982849121094,71.87720809936523,70.6087085723877,73.57097815261791,68.12202187789966,False,0.07691214489840247,False,False,True
VKTX,🐻💀,28.510000228881836,2.812840604117094,-2.629782922494486,-10.850529590444886,-24.91440792122816,-18.566119406676712,-19.508747310218265,-15.047678598810373,0.44048483671165334,47.15707162255489,3.66,42.130001068115234,26.290000915527344,32.793399772644044,33.00527488708496,39.75898437937444,23.701015849507403,False,0.5060815780633657,False,True,False
ADI,🐂,406.19000244140625,0.06405285894522984,-3.080411232187066,7.236391507060624,3.737130315637534,16.723383913629476,49.712414546880396,82.52717484653049,0.6360079830186345,66.33788366258935,3.02,444.1268615722656,222.418212890625,379.61975158691405,361.29824356079104,430.71454709902525,352.44044862851376,False,0.19989427098730578,False,False,True
HR,🐻🧊,17.149999618530273,-0.23269874511110167,0.40983428066099237,-9.259259446144293,-16.887670034527773,0.5231901069019215,5.028178126737151,0.7905152517924806,0.9946346459414237,25.221222880416846,4.55,21.602750778198242,15.741300582885742,18.76689037322998,18.46611618041992,19.017235655509563,16.675764184273152,False,0.13120059853454247,False,False,False
MFG,🤐,10.609999656677246,-0.562328202321245,-3.8077977013768103,-7.336245996337724,0.37842916752981565,22.658960977850278,43.184883605398646,74.22002283807205,0.7316498136306372,39.915948371720084,3.16,11.449999809265137,6.090000152587891,10.784599933624268,9.364300010204316,11.33840445263984,10.534595501583793,True,0.07349782405141314,False,False,False
BOTZ,🐻,35.47999954223633,1.866200623056235,-1.9889536064326332,0.5668956061779067,-1.1148314213244759,-1.3129247723539028,-3.3022522440098743,0.002849277315752826,0.8543361259645028,46.25550253627115,0.0,41.60919189453125,31.974010467529297,35.917700119018555,36.85953260421753,36.33366356601998,34.4148368764849,False,0.05424360028929382,False,False,False
IRDM,🐻,47.470001220703125,-0.18923496633545803,-2.0024719931990655,0.686455752246759,-2.528254641431117,35.573592122074,170.6428007277617,163.62465318959647,0.7351505812673663,44.01296995405086,3.16,55.53901290893555,15.518257141113281,47.998309478759765,37.56776162147522,49.54474591574701,46.38725405373541,False,0.06582770843964575,False,False,False
AM,🐻🤐,21.09000015258789,-0.4719225056601627,2.5778244183491026,-4.3970958152199335,-6.368841713851723,-0.4527113570546222,21.47969842207177,19.856054374929812,0.8236834043501268,50.76451511298282,4.89,23.115467071533203,16.596424102783203,21.702000045776366,21.07015863418579,21.781564028179798,20.099436299884164,True,0.08032891836962448,False,False,False
PCG,🐻🤐,13.130000114440918,3.630623799345119,6.315787116424093,-4.462885055367978,-24.402973715930333,-25.465215664568746,-18.49784911278122,-16.130123465559222,1.3614195122611552,54.57883287089391,0.65,18.922075271606445,11.900943756103516,14.913784141540527,16.34014175415039,13.608795938363103,11.716108884940118,True,0.14947239222643724,False,False,False
LOW,🐻,186.0,-1.5091374166826512,3.6211699164345403,-5.49741231662242,-9.885636920398277,-23.891916083468985,-23.491274963398542,-18.25807434556547,0.7792318676303897,43.731125803900056,3.13,284.26031494140625,179.5,202.18980041503906,228.427393951416,199.42937815575817,177.74062306494494,False,0.11500784802936613,False,False,False
DB,🐻🧊,33.68000030517578,0.14867450333788837,-3.688878668850691,-16.79841727756324,-5.499436358132862,6.5901529957515494,-11.825523191439066,1.0077308751648137,0.7784180963307316,17.862170868377405,3.04,41.560001373291016,27.371780395507812,37.936000213623046,34.53426097869873,39.99219463722543,32.65380565269157,False,0.2020314664330503,False,False,False
CLSK,🐻🧊,10.494999885559082,-1.2699927321584628,-15.905446550373414,-23.226043694329174,-21.97025996736803,-2.4628284171541543,-9.134201625572938,-45.56535522932552,0.5837696238472236,10.97894813808368,4.59,23.200000762939453,8.180000305175781,12.71330005645752,12.568350014686585,15.582870549388808,10.544629698566514,False,0.3856657393939993,False,False,False
MAS,🐻🤐,68.75,-1.079136690647482,0.4236063678141629,0.3356733336280278,-11.301865995656044,7.887004310415785,8.079964445107578,7.587541135411992,0.5367820201447363,53.929969868340976,3.47,82.40860748291016,58.06610107421875,71.25645736694337,69.75631841659546,70.0193569394652,67.09664342674573,True,0.04263125390054338,False,False,False
SECZ,🐂,13.819999694824219,9.162716124749641,18.119657436919535,67.11002333561355,84.51268514205928,0.0,12.357719353812001,12.357719353812001,1.0317818017926332,51.07238503079052,1.35,16.6299991607666,5.389999866485596,9.18739998817444,0.0,18.224280333609425,7.0917194603969245,False,0.8794881469266068,False,False,True
HOG,🐂,26.899999618530273,0.5607462374963493,2.710954830067184,-2.8182496538635635,7.992645072446633,19.24020082386416,33.634514473684085,6.694166046323026,0.7273129905860435,56.26134759886972,11.97,28.256139755249023,16.94180679321289,26.562416191101075,23.144454679489137,27.983279162752417,24.062921017301292,False,0.15064915908898843,False,False,True
SLV,,54.779998779296875,2.4883030820826493,-0.6348671903450865,-5.746731269734347,3.0280245736248794,-19.771529351715987,-16.684412502970535,20.58111030445197,0.8909334962261134,32.98244355384253,0.0,105.5999984741211,42.400001525878906,57.94339988708496,65.77360006332397,60.916871645603585,52.276128384913996,False,0.15267274934598407,False,False,False
KOD,🐂🔥🚀,99.87000274658203,5.951623682591942,6.4598713843939715,203.6485393733829,130.8599320885098,138.06913213410894,283.8201421583123,741.3648164233164,0.4616928203768426,88.10304087091808,3.12,99.87000274658203,11.600000381469727,48.95540008544922,37.32679997444153,126.37745625844809,0.41054346689369225,False,1.9870478762096397,False,False,True
CIEN,🐂🔥,449.7699890136719,5.597163089671799,15.417379505726284,28.67482348758618,0.6354454577746046,-6.278392428842501,82.78874805993976,188.42502370914795,1.3129928246814255,72.27448981644358,1.37,627.0,155.94000244140625,380.6496008300781,396.6435498809814,451.61615100153944,295.40284924260123,False,0.41823113390123834,False,False,True
DLO,🐂,15.229999542236328,1.5333302815755208,4.88980070309177,2.4899050747475955,2.628028205110409,13.451443098742777,10.064834257431652,13.784875795612884,1.1988080780258166,67.5572231498094,10.36,15.779999732971191,10.827908515930176,14.61529998779297,13.419557924270629,15.172109522706155,13.382390484923238,False,0.1253546052149207,False,False,True
PAAS,,46.27000045776367,2.118735500720044,2.0962064636729205,-8.085021220674324,6.713366546607487,-18.660888466652775,-8.49278539868291,21.312420963017995,1.1028920635237118,41.49519931534285,1.79,68.05973052978516,32.89058303833008,49.00671577453613,52.36487098693848,50.85962233955357,43.397376866989404,False,0.15833827801397185,False,False,False
SO,🐻,86.16999816894531,0.023211425086741743,2.840431110410604,-1.1471836882018593,-9.46068117917744,-8.682488495842819,1.2720523551130243,-9.436048568914678,0.4734273724871574,54.409934709405206,4.63,97.4911117553711,82.06204223632812,88.08380126953125,91.03316005706787,87.68293631642655,81.73506371409104,False,0.07021535611639974,False,False,False
WFC,🐻,83.55000305175781,1.8529858528348087,2.5908651118590615,-7.464833088300966,-1.477690782700195,-2.4583448605361364,-10.792597011345997,9.987046896221605,1.570697311582515,39.78127674264947,1.69,94.8288803100586,73.00088500976562,85.7034245300293,83.81125965118409,89.44091469234358,77.16508735233414,False,0.14736356661049352,False,False,False
VFC,🔥,15.0,3.2346887520052263,5.11562381793175,13.895215741115008,-9.386294566440741,-17.648305555078515,-15.940501893025388,15.434103518336453,0.9814692139721796,79.45622068564933,4.64,21.286540985107422,12.619999885559082,13.922905979156495,16.898179674148558,15.278969263288932,12.37503073289637,False,0.21001942075599497,False,False,True
NRG,🐻,107.97000122070312,1.5519201755220002,11.539253942970278,-4.838707833658757,-21.687439571609193,-36.15772643933839,-34.3859089497086,-31.86797146010684,0.7110600495456753,57.03993213022056,2.17,182.81919860839844,95.2300033569336,111.4061003112793,138.91619106292725,111.4874718467445,92.7105292518883,False,0.18390917143000293,False,False,False
DOW,🐻,28.420000076293945,-0.5946137649060396,-0.3156792418988361,-2.10127659635977,-5.147448215724733,-27.593742811134113,21.080071915407977,44.41979120758871,0.9043812063505717,51.73209876815122,3.77,40.97304916381836,19.678743362426758,29.540995864868165,31.560762453079224,29.86881601728502,27.011184097155898,False,0.10047932188395393,False,False,False
HIMS,🤐,30.920000076293945,10.192447130381693,4.2130097633492705,12.395491890371064,-12.034143004149392,46.19385642543381,-7.452857774589412,-42.687674441083225,1.6223501561679357,56.52534853884171,5.76,62.7599983215332,14.520000457763672,29.452000007629394,27.393749980926515,30.734538439987674,27.329461689712033,True,0.11728701924323484,False,False,True
LEN,🐻,76.69000244140625,-1.1726753229490323,3.692333529124989,-3.029430709667362,-7.790496191829738,-13.063236584057567,-24.7659637402002,-33.9825543497714,0.596402245109395,48.1513672655676,3.93,130.2114715576172,73.95918273925781,82.34601943969727,92.13721927642823,84.05342741377339,74.23233842484964,False,0.12409314175396713,False,False,False
UDR,🐻🤐,34.119998931884766,1.6383653323218381,0.8274195568390454,-2.447464241328294,-13.64710071252812,0.5701373126232692,-3.6219954717917973,-0.9770820368732888,1.0272391615625165,52.771080350437586,2.63,40.767738342285156,32.38212966918945,35.842653579711914,36.40145191192627,34.89819639454868,32.987303559674956,True,0.05629752557356929,False,False,False
ED,🐻💀,106.0999984741211,0.1037839537396235,2.6310710901215426,-0.33815575187626423,-4.456786065749695,-3.5961989278853177,8.724493202383025,7.060291849661958,0.6777348291732662,62.84401141258272,5.49,113.56945037841797,93.02462768554688,106.17122329711914,106.74983821868896,107.07731965718024,101.47867933573967,False,0.053689563939425526,False,True,False
EXEL,🐂🤐🚀,59.86000061035156,1.4232466046641559,1.716231371993341,6.66429392310965,7.333692162483256,33.14057346372313,37.35658121908546,56.906941588837846,1.199254936719112,66.62467618322842,12.71,59.86000061035156,34.540000915527344,56.14440002441406,49.46665000915527,59.83037082658458,56.290629463332415,True,0.06096642905959405,False,False,True
MA,🐂🚀,589.1400146484375,2.6573035966381267,4.5064761735862024,3.661893962654539,9.66750617531381,16.210272803334586,5.291341310593023,6.3584771688602135,0.8528945979236319,63.57818590660172,2.3,598.9520263671875,470.0482482910156,571.2606530761718,530.5131452941895,583.2913438894899,546.5152295968381,False,0.06510161147172117,False,False,True
KEY,🐻,19.969999313354492,-0.6467714708855573,-1.0406391905129349,-8.562274845093425,-13.470996960750082,-6.257050286094219,-1.9896876981321274,20.88064347566265,0.8853946855170858,31.5573930675872,2.13,23.762420654296875,16.117021560668945,21.475764656066893,21.2499542427063,21.59316624981878,19.356833750181224,False,0.1092225885048867,False,False,False
MOS,🐻🧊,18.739999771118164,-5.017738439369223,-11.977459064125256,-25.60540145371916,-17.61713314887692,-22.205540998964658,-23.054596766324188,-35.98586929376895,1.59175770669529,14.131908906288615,3.64,30.783811569213867,18.739999771118164,23.194795532226564,24.02638879776001,26.840473494293473,18.624526276824692,False,0.36141855312129556,False,False,False
CARR,🐻🤐,55.560001373291016,-0.4836117659116531,-0.3050388845176201,-3.3066441723892654,-20.06909915902191,-12.99999157759274,5.004556052202935,-0.43322800632809716,0.6075984610711754,56.11980731805931,3.15,75.7276840209961,49.78788757324219,58.60240005493164,61.41400749206543,56.86587485308576,53.7561245060451,True,0.056223000217975674,False,False,False
MCD,🐻,235.22999572753906,-0.7049380379786052,0.9397539068400615,-6.850672448970096,-11.912701651541886,-21.674594200985528,-20.912393836556394,-18.763585043425763,0.9031056154004801,31.714328945377517,2.36,334.5029296875,230.8800048828125,254.81101654052733,284.4215697479248,256.9097248059556,222.72627525507954,False,0.14253913195225587,False,False,False
TEAM,🐂🚀,206.7899932861328,1.5817585332134436,5.1563690334951575,15.075123426792922,132.13963744446465,237.34093941246317,33.619798802072616,43.04786716831238,0.7162053096861931,57.639458164123184,2.65,206.7899932861328,57.150001525878906,173.8491995239258,113.28077491760254,206.2475633102346,176.3054350418162,False,0.15653845818698123,False,False,True
JOBY,🐻🧊,5.440000057220459,-5.39130335268767,-5.882355367581625,-14.866976981450586,-31.051962620075784,-36.15023750071078,-62.11699033926566,-66.58476764265193,1.6710421876466923,12.403149487548461,5.04,18.110000610351562,5.440000057220459,6.872600030899048,9.368950021266937,6.572910826071708,5.53708925975898,False,0.1710687958664331,False,False,False
ONDS,🐻🤐,6.730000019073486,-1.7518231712372379,-9.299192050212108,-6.915629304024182,-8.559784008320289,-28.933475931305242,-38.92922196448593,-27.006509499350994,0.6058930701581089,36.947785550374604,3.64,14.010000228881836,5.25,7.947899951934814,9.41135000705719,7.833013590031245,6.830986253566167,True,0.13666494096460083,False,False,False
ABBV,🐂🔥🚀,276.4700012207031,1.4866704329133666,4.029948472880971,7.525671465066915,13.750256222719932,35.97512172384636,23.416625377342644,23.66460396757605,0.9488513608247195,72.61408113459503,3.93,276.4700012207031,195.98501586914062,258.8929989624023,230.7468992614746,273.2349795479174,257.3790188651685,False,0.05976457737703689,False,False,True
ROKU,,152.85000610351562,-0.6241411288706491,-0.3650332737278093,-1.3425331895667028,7.8230897477531345,47.93845001450634,40.5905117617024,66.10520721534137,0.36762125359724857,42.25944694944336,4.55,159.75999450683594,82.93000030517578,154.0903988647461,124.33522464752197,156.56345739376647,150.49504175174135,False,0.0395261206507066,False,False,False
HON,🐻🤐,207.72999572753906,0.5469455908231016,-2.9933705428128605,2.6536840783705764,-6.433762873542971,-14.502363090384007,2.4854106254008688,6.64965291332128,0.5267183288409704,52.74966871056918,2.54,257.9405822753906,194.68307495117188,217.99744506835938,229.04882301330565,216.84490499538168,202.20509958225506,True,0.06987140080278571,False,False,False
XHB,🐻🤐,94.7699966430664,-0.9510907809436416,-1.5887916513035647,-3.209492654664098,-11.889857471831828,-9.563670693252876,-8.439591339477413,-7.548513296909534,0.6452119906204449,42.86644439540427,0.0,120.1474838256836,94.19657897949219,101.61291275024413,105.16674674987793,98.89706391568168,94.59852247958199,True,0.04443038227568497,False,False,False
DOCS,🐂🔥,30.5,3.812120051824313,6.717984889500913,19.233776743425146,39.90826177713453,34.59841220379911,-29.544931034962858,-53.51318439831276,1.6028635190014662,71.27908209455398,3.99,68.5,18.010000228881836,25.84279998779297,26.410499992370607,29.820934432111155,24.63506589595281,False,0.19046086766992332,False,False,True
SBUX,🐻🤐,90.75,-2.639200846084392,-3.8970669207697517,-8.091956690938197,-14.03286006340797,-5.820404682699262,10.037305127748276,18.61565685298322,1.4852206960873813,34.433595907483394,6.13,108.48999786376953,76.50760650634766,101.14106384277343,98.09733238220215,98.48460090571653,91.56339866703736,True,0.072836359806351,False,False,False
QCOM,🛒🤐,175.5,-0.2897531519530444,-2.926043189658425,-3.5555317784803195,-0.92355088790115,34.948853730574854,3.04312967589649,16.644811423223594,0.5492142854809337,30.59873396714005,2.45,248.7425079345703,122.94430541992188,172.6907846069336,168.0017878341675,201.46667847136385,170.35531859894863,True,0.16734545087461292,False,False,True
SPOT,🐂,529.1400146484375,0.5167037397107085,9.541461136569277,0.6447959388373752,9.99459887204351,4.967270034069386,-7.975649626358695,-22.78596920801251,0.8952997610047968,54.81960315976864,2.95,692.0399780273438,412.75,516.5794030761718,498.69100158691407,559.3312003948297,463.9338050983343,False,0.18645687047710283,False,False,True
MSTR,🐂🛒,154.33999633789062,1.8947614009758293,-6.13634786068854,17.843777124049748,58.16765058593405,16.606222141268304,-1.794354325851064,-49.36185832510877,0.6994085287453106,33.83561901536957,1.25,315.4700012207031,82.30999755859375,129.81899978637696,135.8558498764038,178.58265362263782,128.48834475993053,False,0.3262718337229402,False,False,True
AZN,🐻,159.1999969482422,0.2645157905115663,1.7057421515155946,-0.6056073121009715,-3.2218863536521654,-21.281649216715767,-12.165718575363556,-4.850518002407616,0.759938895425574,31.427341408102322,0.88,208.6199951171875,155.6199951171875,162.08360046386719,181.16088272094726,170.08529776645025,155.04970131802241,False,0.09248832940634281,False,False,False
SNAP,🐂,6.230000019073486,6.313991077286595,11.051691101666353,9.68310224220088,33.1196634100114,20.970871916634422,-23.37023454640001,-19.922881091709453,1.5048321717948416,63.874348686738266,3.1,9.09000015258789,3.930000066757202,5.477799978256225,5.585849996805191,6.1030144466709935,5.14798557621719,False,0.16976781948466185,False,False,True
DHI,🐻,134.8800048828125,-0.6920942355439216,1.238466717846164,-2.18289543850843,-9.806012690323735,-5.98538202050848,-6.616581847362439,-9.949231494097722,0.698807221980045,42.645587537415075,3.94,166.77682495117188,131.7375946044922,142.83004699707033,147.52852981567383,143.7854316080888,132.53556906329794,False,0.08142604085434459,False,False,False
SWKS,🐂🛒🧊🤐,76.3499984741211,-5.4489182983020505,-9.009658989446686,-13.582343188738097,34.94166843984685,36.30694272984586,21.023437969566327,13.975117681179361,1.0161648219673909,26.875695231954722,3.55,91.44999694824219,52.04774475097656,76.13420013427735,65.77875,94.18026299920577,77.69573645147783,True,0.19181882985888143,False,False,True
MNST,🐻🤐,43.63999938964844,-0.022914400643351072,0.2987843556199278,0.5529904500727341,-10.947865649486738,16.110151530314283,14.600833222805958,25.366267359967686,0.6466491407345186,47.46478661354033,4.42,49.970001220703125,33.154998779296875,45.00840011596679,42.533950080871584,45.38955718547757,41.3914425703818,True,0.09214262629708467,False,False,False
FLEX,,119.83000183105469,4.436119977384437,2.6293248018634645,3.4980161465349844,-9.384454890052837,53.0200556338857,88.17525322988283,111.7511954549355,0.7160694870695401,61.18063445191011,2.68,162.07000732421875,54.5099983215332,114.68359985351563,100.97765005111694,121.38139153541293,105.16760825096402,False,0.14313709881515788,False,False,True
XLV,🐂🤐,170.80999755859375,1.575876450270014,2.0553280407265726,3.691167866957597,8.32251885811915,16.388402877446513,11.200510515677257,22.204131983297398,0.859774770897846,55.625014901175405,0.0,175.0102081298828,139.616943359375,168.46596160888672,155.91192207336425,171.69410234958593,165.35349439113673,True,0.037624406877624327,False,False,True
CPB,🐻🤐,19.209999084472656,-0.8260286413445221,-0.4663220525681116,-7.355837782303275,-11.967085199151905,-1.9136131128139746,-26.241634821989596,-32.74615938341794,0.9117624048658018,44.388650485911285,3.95,29.757089614868164,18.899999618530273,21.467940406799315,22.279505472183228,21.268956851721548,18.452109050988412,True,0.1418314305881181,False,False,False
ONON,🔥,35.09000015258789,3.084604021210792,10.069012159108539,28.01897244775389,-7.021731340809426,2.632353208624675,-25.260916757457004,-16.172958335049614,0.8710108882234279,90.17579557329523,2.51,50.630001068115234,26.760000228881836,30.757200050354005,37.63920001983642,34.950415224085916,25.132584768284687,False,0.326808929549054,False,False,True
CLOU,🐂🚀,30.110000610351562,3.8634040982270736,3.116437752176631,10.984156069913995,24.113768863469453,63.908542377661036,36.30602264538288,32.11934796297852,1.3497198769036534,63.22870568834772,0.0,30.110000610351562,17.600000381469727,28.041000061035156,23.06178997993469,29.765094132808194,27.603906111332428,False,0.07534340888907155,False,False,True
REXR,,36.7400016784668,-1.3161371737693504,0.136285237474531,-2.2808806110892745,4.681373100462444,8.6302622453322,-2.2287212421919382,-1.987658255930298,1.2549346188031998,36.45072783056482,4.34,42.15166091918945,31.280885696411133,36.845670471191404,35.69653794288635,38.73951257102678,35.773950640032794,False,0.07959801633683361,False,False,False
SMCI,🐂,41.86000061035156,-2.1276591949320984,-3.079412036690694,4.389032925690265,51.39240935937711,61.185990439460625,35.20672431591116,-20.80968572264048,0.7316772245434829,52.64000019531256,2.35,55.040000915527344,20.530000686645508,38.004799613952635,32.31894986152649,46.03160479248764,36.3003940325856,False,0.23638951801905034,False,False,True
OSCR,🐂🚀,33.369998931884766,0.8157113903638668,2.9302924632779477,1.830938253706816,7.402636818962348,115.56847492686649,122.91248053870558,77.78368736310938,0.9594515668488528,61.60713791542863,3.02,33.810001373291016,10.850000381469727,31.05099994659424,22.3685000038147,34.310933649106815,28.579066312746214,False,0.18228231324017682,False,False,True
AFL,🐻,114.54000091552734,-0.34800897632033523,1.9220534925254946,-0.6419134902891995,-5.680574956333329,3.18616159174466,5.522278799618903,5.393974643786942,0.7241715734099455,47.197904390838325,5.19,128.90081787109375,103.53544616699219,117.24232757568359,114.25671432495118,118.11673101497604,110.58127008365676,False,0.06589879137657514,False,False,False
MET,🐂🚀,98.33000183105469,-0.14217466021418398,1.496701712164388,1.2250385514549023,6.915050702131613,32.29477045849177,25.014671022804542,26.785796672857913,0.7042389384265707,56.377367703419814,3.65,99.94999694824219,66.77149200439453,96.51030197143555,83.40983406066894,99.29433414812594,93.99366557721585,False,0.054847363296658146,False,False,True
NET,🐂🤐🚀,360.92999267578125,5.569036009116087,0.400568160595353,17.74703752100056,28.102925528227594,96.13628099985614,84.12916274305414,68.80085132936004,0.8727453025924132,55.59989325486655,2.44,360.92999267578125,160.19000244140625,316.02,239.10470024108886,369.52637892103604,322.3246220555265,True,0.13645064269295917,False,False,True
RIO,🤐,94.77999877929688,1.5427496227806177,-0.9095689834846942,-5.182073181891835,3.8280989016857787,-2.357626729117523,22.27667019365634,52.15448004349439,0.7251159233488611,41.06009072005649,5.29,109.63262176513672,62.291954040527344,98.49003799438476,93.79747249603271,98.61920800422278,92.13579306389245,True,0.06797635610104105,False,False,False
LYFT,🤐,16.219999313354492,0.5579674970275277,3.1150653870171756,5.874671256255531,3.9077493279528426,19.26469748820424,-18.0394211067055,-15.740263307249391,0.86768099366741,69.54731444350516,8.1,24.56999969482422,12.649999618530273,16.268499870300293,15.31619997024536,16.28523777060355,14.465262050105677,True,0.11837048055213681,False,False,False
TME,🐻,8.380000114440918,5.276382842728204,6.480307958042691,5.0125325114206385,-4.555804449835806,-11.134678226453044,-51.821302092442956,-61.63747070660997,1.3996688961575756,56.21302042274305,4.19,23.090803146362305,7.739999771118164,8.46940001487732,10.794388234615326,8.491601021879983,7.573398939973043,False,0.114310872591005,False,False,False
CNP,🐻,38.599998474121094,0.4685068031087898,2.2516515870757448,-1.3040197603461103,-11.264449139782135,-8.627969052503829,1.3648874611470385,0.6062269177557483,0.6276947476981503,57.568179258133185,7.41,44.77243423461914,36.619998931884766,39.09713920593262,41.03183860778809,39.21225934726391,36.34974054592456,False,0.07576609421099745,False,False,False
PNC,🐻🧊,219.2100067138672,-0.21394117697723156,-0.4857418155797862,-10.24811587633109,-12.276611740476254,-0.15468706605680518,6.102367278677904,23.08962419749659,0.5917233444322967,21.15857806030172,4.19,256.9700012207031,174.2725067138672,239.00499969482422,226.31169143676757,240.51440869150605,211.56559008779084,False,0.12806945090197575,False,False,False
DUK,🐻,116.6500015258789,-0.162611107468945,2.468381305677358,-2.319541689447733,-6.880106519145138,-8.97815589900266,1.9272620536542533,-4.941065452462789,0.6512454855211728,49.50821640479343,4.43,131.1634063720703,111.09210205078125,119.34312713623046,122.41768665313721,119.42041794796187,111.82058089237016,False,0.06573087898516876,False,False,False
WMT,,111.3499984741211,0.7145449827896976,5.97696659135541,3.9197357801509716,-1.8323846849591245,-10.227519185159844,-0.6215990079364538,10.25875877649209,0.5235718159016255,60.07211169018308,3.51,133.87948608398438,99.76998138427734,108.4252604675293,117.74846656799316,111.87357124125501,103.34242988789538,False,0.07927980548472435,False,False,True
JD,🐻🤐,27.09000015258789,0.6688974589239606,2.769345695499178,0.11086728469180707,-6.0679611329439185,-6.392537482135084,-4.992295946946989,-11.912792500950927,1.4857615626698495,47.65431505717099,3.39,33.77000045776367,24.525644302368164,28.53720016479492,28.482511138916017,27.579480688012392,25.964519556128234,True,0.06032276723892645,False,False,False
GTX,🐻🤐,26.239999771118164,1.9029117324977245,-1.6491773951451543,-4.996383150557271,-16.925116575101416,36.3439339942877,52.39716197981695,106.16136591757753,0.492058303434641,48.43137357565893,2.9,36.12245178222656,12.313817977905273,27.314479446411134,24.89524275779724,26.88086476191365,25.263635207568775,True,0.062028768337652404,False,False,False
HUT,🐻,84.2699966430664,5.8801363494318455,-5.60098598411715,-14.533470641803092,-14.298794799318143,20.799876809780148,64.36511778947262,93.41289243359125,1.2414170593311296,30.114231723407528,4.24,133.02000427246094,33.7599983215332,90.35129928588867,81.3743247795105,106.61137589972546,78.48162184197375,False,0.3039526551621074,False,False,False
MICC,🐻🧊,17.280000686645508,-0.9174302896359119,0.993571421564387,-12.061063500733189,-6.645054170864431,20.75471823856426,11.483875397712954,15.817698379917001,1.004294058104956,26.82354789125874,11.67,20.420000076293945,13.0600004196167,19.049400024414062,16.933849968910216,20.268188663971024,16.476811221588058,False,0.20636154329520037,False,False,False
GNTX,🐻,21.040000915527344,-0.5200884396544191,-3.4330533413451105,-7.161839654960126,-10.726516183672718,-3.913419623821415,-9.289014986240012,-16.15515016303389,0.9029163426894309,34.870938914250004,8.76,26.376571655273438,20.366914749145508,22.70176429748535,23.070282917022706,22.775447517374808,21.034660667439645,False,0.07946964397310287,False,False,False
TOL,🐻🤐,133.1300048828125,-1.0700768098621414,-1.4719900442171818,-1.136059492359604,-12.550173249687028,-5.4408423265857975,-1.0789939880781976,5.388267376340907,0.5732552829327023,45.03875768619916,3.59,165.2020263671875,123.68333435058594,141.31232177734375,143.70381576538085,138.0345708546274,132.0054209056265,True,0.044653755984066824,False,False,False
AMT,⚡🐂,182.24000549316406,9.302471158801323,12.313577999958811,3.5762404834033887,9.109960300001022,3.8061624799832563,7.452442863869964,1.5933784758102354,2.9873532338133852,62.629351704075816,2.79,190.22781372070312,160.37603759765625,171.0019659423828,173.23093284606932,180.2545890334658,157.72923207249121,False,0.13329251611669868,False,False,True
ALV,🐻,109.76000213623047,-1.1438319886780142,-2.061209569808211,-9.38660560967417,-9.00363195766003,0.9068700805889304,-8.056475767180618,-2.8941420241876656,0.701825057012728,32.63798973927764,7.12,130.7579345703125,98.87968444824219,118.75012084960937,117.40202320098876,120.08163787194015,108.78936127356768,False,0.09867809063212286,False,False,False
BEKE,🐂🤐,17.84000015258789,4.388531265673685,8.121213045987217,5.375072835255103,10.807451738453462,12.839972669781922,13.139159030147788,2.9470218902663516,1.8873270213960358,66.240399850144,3.87,19.59000015258789,14.260000228881836,17.04940008163452,16.66706398010254,17.44578942799029,15.78421078181806,True,0.10000473281259806,False,False,True
BGC,,11.479999542236328,2.226179966078746,-5.901641625289318,-5.669683892621131,5.125941689483329,0.4547046172446609,29.151124917574993,30.920874108620914,0.5245529230291325,34.40513867989995,2.54,12.627144813537598,8.24293327331543,11.620090026855468,10.625670890808106,12.59757084323684,11.17442918346604,False,0.11973259786069296,False,False,False
FIX,,1715.68994140625,0.5450059293583324,0.15294151431837702,1.4708837077402048,-3.2968003780353117,5.494571150296452,71.1911803046487,110.66859084739096,0.6203221545795442,61.1042765056277,2.62,2065.4404296875,789.1040649414062,1664.4446948242187,1575.0304092407227,1786.9199081527709,1537.419093312073,False,0.15010551855918255,False,False,True
CRWV,🤐,82.08000183105469,0.6128953037234025,-6.0762073414349205,-7.764913134724445,2.67700691054769,-25.56451951591155,3.4795791059623062,-40.70648979712412,0.6594105467786906,44.68423001109664,2.08,141.74000549316406,60.81999969482422,88.42780044555664,92.58727500915528,92.40128292459022,78.88171725851524,True,0.15786231735341225,False,False,False
UEC,🐻🤐,9.1899995803833,0.5470375840529801,-1.7112384444766755,-12.05741867827308,-11.54957385261923,-34.121865906552905,-29.90084041914824,-37.26962580422739,0.6222641626067773,37.60444269117,6.49,20.139999389648438,9.039999961853027,10.780600051879883,12.962950015068055,10.50790423414846,8.84809580781321,True,0.1715032468213441,False,False,False
PL,🐻🤐,17.18000030517578,-0.05817468627777542,-1.0368680809172852,4.437686981030172,-32.78559990555788,-49.94172360739651,-15.825573573661131,16.870751891762247,0.7136072338493074,50.73041548776689,2.62,51.400001525878906,11.15999984741211,19.53700008392334,27.320850019454955,18.271144265088488,15.557855826464248,True,0.1604119797381632,False,False,False
BABA,🐻🤐,111.37000274658203,5.364244051129216,0.5144401436143966,1.893869750254255,-0.8457950060749189,-12.199964693502611,-27.83304278664579,-29.317134488567504,1.4557612713079966,41.81003159321024,4.45,178.3321990966797,94.80999755859375,116.28399978637695,129.18322639465333,115.4038436829365,103.82815552360648,True,0.10560217670071347,False,False,False
ARM,🐻🧊,266.2799987792969,-3.2729156474833503,-12.0897972449951,0.562706365909657,-5.2957335196999935,68.98083239317516,132.0927316204114,72.00439440515659,0.716710065093428,29.995773429969404,2.93,439.4599914550781,104.55000305175781,269.86419921875,220.11347476959227,344.715810693309,233.1381855835465,False,0.3861792972919221,False,False,False
MCK,🐂,938.8400268554688,0.9234105730146466,2.555029148128712,6.50361498505123,16.9869290187223,8.826012082396998,14.356733684974007,23.441320060396702,0.5670302831041649,65.68435229804018,2.59,993.5342407226562,723.5999145507812,883.3168957519531,848.7327642822265,940.6289823256201,843.2490206040674,False,0.10917782669176285,False,False,True
IBUY,🐻🤐,68.86499786376953,1.5109103496611083,3.122190959247288,0.656275571730649,-2.787970886814846,5.169508755801712,-7.530248198886934,-4.221145476633946,0.2669039145907473,55.66965995751646,0.0,77.12999725341797,60.36600112915039,70.46381942749024,68.78048488616943,69.26367434233084,65.43392316133126,True,0.056864431912313176,False,False,False
IONQ,,39.88999938964844,1.1153323655251552,-7.1677955400446445,8.544216026254253,1.52710221466036,34.03897541282785,-14.710286510106663,-43.53857250089819,0.5556458931644238,47.48784876734891,1.66,82.08999633789062,26.59000015258789,41.33280006408691,43.272550086975095,47.02220671018355,36.19379403749711,False,0.26024833146017873,False,False,False
TGT,🤐,153.63999938964844,-0.7236980853847397,0.4248603654788536,-1.405379205334652,15.53677068277756,32.57720464165994,57.070377512042405,86.90684192075976,0.9591378655778978,40.8126220186798,5.18,169.88999938964844,81.4371109008789,156.5972003173828,128.77496433258057,160.67305656825482,151.65494025791708,True,0.05774772932288126,False,False,False
BILL,,44.83000183105469,-0.3334764622235988,0.7642169920448688,-5.121689246445106,8.363555688910646,21.953220560389017,-11.333068407041768,-9.140653237911781,0.6753617906285886,39.24783928988555,5.93,56.310001373291016,31.959999084472656,47.21499984741211,43.01724996566772,50.28666068393594,40.53133896511191,False,0.21483234064881349,False,False,False
BBIO,🐻🤐,65.3499984741211,0.47662600588885085,-1.1944374400024362,-9.78741541735862,-22.285644761439194,-16.078083768926643,-16.46961339005295,17.76896106939662,0.5887801743860696,45.875239154206426,7.16,90.16999816894531,53.2400016784668,74.53260009765626,73.34205017089843,70.2661575307653,63.62284317113902,True,0.0992361482242625,False,False,False
NXT,🐻,86.11000061035156,0.9969486896832889,3.78449963053023,3.8846679266657698,-17.724061152955578,-22.805918194016012,-7.189047485128519,3.9975814451657556,0.6065943744151483,56.20805471148938,4.6,156.39999389648438,77.93000030517578,87.50080032348633,107.68082511901855,87.82272489237293,76.2962753517677,False,0.1404645351660524,False,False,False
TXN,,283.739990234375,-1.5475439915846882,-3.784334992569296,5.597312000029076,-6.662490488151097,32.269770187193835,62.524118357990375,69.53291613787871,0.7018528965143781,63.69438292732032,3.47,330.5873718261719,150.79347229003906,271.8782006835938,250.09421813964843,300.6268617278264,253.79014266670484,False,0.16895845073248103,False,False,True
ENPH,🐻,32.810001373291016,-0.30385437430792683,-1.9133015696595066,-9.738644427592845,-27.0726824867077,4.590374547445524,-2.7851811161747686,-4.26028323598082,0.8020113432394913,38.29533901797898,5.97,72.33000183105469,26.1200008392334,36.62020000457764,41.24750002861023,36.900403304823584,30.666597084275534,False,0.18452221305220995,False,False,False
AXSM,🐻🧊,168.35000610351562,-1.0171658683644162,-4.92997268876698,-23.737256578248868,-28.440869661491092,-5.596363833940773,-5.786555597189151,38.32060419840488,1.0609151505088124,6.099294668839207,4.8,255.1699981689453,121.1500015258789,203.15770111083984,200.3556256866455,222.6674206360409,160.97258180536534,False,0.321628810541457,False,False,False
HAL,🐻🤐,32.54999923706055,-0.06140760807821008,-0.7016459755989704,-9.17969001540248,-7.676271798405734,-14.94385037559014,11.484052045394073,51.15646528442943,0.48923600833365855,42.13481901950713,3.1,42.6002197265625,21.38695526123047,33.9609338760376,35.28593182563782,35.210929587229124,30.73906888689196,True,0.1356136710781557,False,False,False
SMFG,🐻,25.1299991607666,-0.7111825720027892,-1.9508389245887312,-7.914993339306757,-4.3031266499092125,17.375055300638593,29.203075450001876,65.32894392175353,0.692977994778422,34.09090013453901,4.29,27.559999465942383,15.199999809265137,25.918799896240234,23.04244999885559,27.210014973137895,24.828984965826947,False,0.09150944522775588,False,False,False
CVS,🐻,86.16000366210938,-1.8678807888897948,-0.9768974293211278,-8.979505251595917,-18.35240392394398,11.991727032534051,10.038539725109343,14.113871116150431,1.2982800577622478,45.57196809915781,2.12,109.91949462890625,69.04280853271484,92.90380004882813,87.19875423431397,93.91343032213217,82.41256912855141,False,0.13044997594693825,False,False,False
URI,🐻,1056.3699951171875,0.5922935350685222,-1.6671662593792946,6.798972857891974,-0.7165361937110942,36.02792430627988,25.76230778313669,12.101363210853197,0.7870980829698753,55.054834307310074,2.97,1164.8199462890625,707.7841796875,1060.8498107910157,951.66923828125,1087.960258694017,977.2947583958269,False,0.1071688478008195,False,False,False
GEHC,🤐,65.73999786376953,2.3668586330957475,0.0,2.831217816289002,6.677164352207213,-10.907305547324109,-20.508006052580548,-7.24530269567199,0.7333952069750336,54.68278444678014,5.18,88.03241729736328,59.451412200927734,68.66769958496094,70.78900861740112,67.21597263717469,63.042524982454225,True,0.06407946861029291,False,False,False
HD,🐻,290.739990234375,-1.6008430523527208,3.410989345929537,-5.830148529296639,-13.281658968305873,-13.507061222989023,-14.10209883890929,-20.43289594246495,0.9648018594900075,44.238308787584835,2.43,382.7405090332031,281.1499938964844,316.48614501953125,333.22229690551757,311.11136916826473,276.23963486005556,False,0.1187424012866002,False,False,False
BHP,🤐,86.73999786376953,2.251557222076624,-0.10365537877135733,-0.4704574353766658,5.077569811351446,13.486462200709157,46.33797085477477,68.553391705615,0.9739535584432764,52.67490642207365,8.13,96.58228302001953,50.46330642700195,87.92424713134766,78.20751071929932,87.60308140909618,83.49591685140186,True,0.04800921804861961,False,False,False
UNH,🐻🤐,379.29998779296875,2.2509705650790726,0.19018470237218596,0.6714968954719662,-10.24352656390821,22.62468421107674,14.98191257068705,9.844802008242889,1.4809750385758442,51.58758622072282,3.11,433.6795959472656,255.97283935546875,387.71503967285156,353.88856201171876,383.2692227690694,366.5637758881571,True,0.04455777996121214,False,False,False
INVH,🐻🤐,26.790000915527344,1.1707000704307222,2.8012335554303993,-1.627442920573919,-10.381067267049525,5.426877238055342,-0.062350407582970765,0.2507754696981365,0.7560521040740666,50.187819798582524,3.18,30.24922752380371,23.58642578125,28.167408905029298,27.267279052734374,27.332954742433582,25.847583435056652,True,0.05586146204160244,False,False,False
PDD,🐻🤐,81.3499984741211,3.9483724170001158,4.428750809582558,4.549545079810078,-3.0508939056861037,-19.295638877758485,-29.71922378045694,-34.53769962851288,1.2177282016348774,56.74784767122572,4.46,138.1300048828125,73.30000305175781,83.07999969482422,93.76999996185303,80.92304866321768,75.84595158092293,True,0.06477169688379789,False,False,False
NXE,🐻🤐,8.75,0.9227211418924374,-3.52811141776362,-11.167516130650085,-6.517090588161335,-26.222594828881796,-14.634146341463413,-0.114157860965175,1.5869843940392667,32.081915706293174,10.08,13.920000076293945,7.559999942779541,9.942400035858155,10.898400001525879,9.922996267863745,8.56600376646853,True,0.14678917181842308,False,False,False
LYG,🐻🧊,5.409999847412109,0.5576158426217606,-0.9157544026653974,-9.983367031940313,-7.532139156991395,-0.8436892158521562,4.225778830014834,27.09885041195467,1.2831528895927968,29.31033277907835,1.12,6.210000038146973,4.256529331207275,5.896602926254272,5.516902830600738,6.044333420967438,5.2866666209942315,False,0.13373343873751076,False,False,False
W,🐂,105.73999786376953,0.5802345917323138,-0.2923198293893333,7.274016628937659,19.157088583772328,45.227305877431746,-0.7695192507613643,42.353257406408446,0.37965653510065667,51.52333379527508,4.86,119.05000305175781,57.400001525878906,101.91379974365235,88.355249710083,108.39530683155714,97.29469179515185,False,0.10793538928016566,False,False,True
VNET,🐻🧊,5.53000020980835,6.963251996167593,1.46789730904596,-12.638226280251288,-28.645158583118068,-34.47866724233645,-39.29747071115319,-35.01762560428322,1.138323038507031,22.149837184143834,10.77,14.029999732971191,5.130000114440918,6.5150000095367435,8.736749994754792,7.359153037536732,4.691847033035167,False,0.4426696521253915,False,False,False
RMD,🐂✨🤐,230.0500030517578,1.464299998579983,3.226241775874914,5.3969847201689705,19.532759614198405,0.49346360029395053,-5.260303346859654,-14.527987535017228,0.8396217117244512,64.08575364849494,10.02,273.7204284667969,182.296875,225.00949584960938,224.22984352111817,230.2781595562463,217.54584251894903,True,0.05686303984733425,True,False,True
RPRX,🤐,56.93000030517578,1.280913062498193,0.4765274593907432,-2.866405541171524,2.6753781495029374,18.546424624401496,48.514379332063065,61.16092693684092,0.9763352197177707,36.5897154968151,3.89,63.959999084472656,34.76578903198242,59.1161775970459,51.23535676956177,59.586035241796836,56.13196478872074,True,0.05969806688959676,False,False,False
AMZN,🐂,262.42999267578125,3.2944954725732183,4.38743001077341,2.2003247617975727,6.036602226763394,9.395970379541149,15.863131424185983,21.287608540013757,0.946799680422205,54.608586750949165,2.49,284.0199890136719,198.7899932861328,259.09559967041014,242.15154998779298,261.25544653605385,242.78355492878993,False,0.0732954852841971,False,False,True
KHC,🐻🧊,22.270000457763672,-0.9341596474595185,1.968865852433747,-9.47154425843488,-9.784547998788154,2.7480513245079736,-3.9656082554136627,-5.389347518469543,0.6962020499728446,20.99447659362366,4.27,27.185382843017578,20.50461769104004,24.340195541381835,23.230776691436766,25.434046123860593,21.317953921915777,False,0.17608197287451316,False,False,False
NEM,,117.83999633789062,1.981820186631294,1.7440827563364916,-7.073575738031579,24.628288265739002,1.5974497635908538,17.171084538060803,39.70548423787568,0.7892344151690639,40.69973121413419,2.18,134.85926818847656,77.89935302734375,119.99391311645508,111.4894030380249,127.84894306323831,111.27705791332419,False,0.13860379115810487,False,False,False
CAT,🐻,800.469970703125,0.5388201244452403,-5.620539430045899,-2.211177597412838,-14.076870961737741,1.4843132222107096,34.58360039890001,64.39558152951732,0.7495416841361054,45.64330564408198,3.33,1062.92822265625,486.9169616699219,821.995400390625,799.6564920043945,856.4221627156071,770.816832645721,False,0.10521543585658415,False,False,False
EOG,🐂,148.16000366210938,-0.2356682093274553,2.831761368131308,0.5428902337433995,8.15127612596713,9.826554420496041,41.56088517632322,41.86214358827808,0.6936000791711391,65.3393806996128,4.87,153.74000549316406,99.30516815185547,144.57180084228514,131.98858615875244,151.3637708038013,135.9202303558667,False,0.10751410023248259,False,False,True
BMNR,🐂🛒🧊,24.030000686645508,-0.04159828827367818,-10.302352126020848,-3.9952056434962047,47.5138080792895,11.715483175030492,-22.956074782986352,-54.18894893531269,0.5888276136765056,23.690785106798415,0.85,56.83330535888672,13.3100004196167,23.319200019836426,21.54024995326996,29.41286726392417,22.6701329191813,False,0.2589226550328435,False,False,True
ORCL,🤐,141.39999389648438,4.593528621149072,-0.3909531394759265,-5.560981197475576,10.929310499517015,-8.48430999190887,-26.783562264655416,-51.0882387746099,0.7570834398094521,42.738937385855266,1.42,308.8674011230469,114.56627655029297,145.220361328125,160.51463790893555,151.18741377238675,131.9596595918711,True,0.13581460653686428,False,False,False
CRM,🐂🛒🤐,229.1300048828125,0.5838462744675651,-0.2872137267084993,-7.3417134459582325,36.985623056967995,33.15907796231175,-9.036718449483736,-4.388677388708142,0.4330117066201807,42.571846412133894,2.47,264.4169921875,149.85635375976562,224.7735461425781,198.90861602783204,255.19767443635575,216.23886883757004,True,0.16527698649847303,False,False,True
HOOD,🛒🧊,109.0199966430664,1.8783239573036248,-4.460611637945617,-3.153596039248311,-3.904804252393962,52.11385437191889,-5.372799662004774,-21.545774772773516,0.6202344585901876,22.66459944637208,1.73,147.0800018310547,65.16000366210938,107.23359970092774,94.10342491149902,125.87580168195859,103.12619798234806,False,0.19868476024627826,False,False,True
MU,🐂,1029.0,-0.6603303643430796,-3.2858342626629766,5.510324395162048,4.666775684624706,141.2692788290599,226.41889376853564,467.18418988927226,0.7690126572864228,47.60149493611528,1.04,1213.3734130859375,181.42254638671875,976.1861999511718,701.5695654296875,1150.6585262040705,925.8514713545229,False,0.21652393209169143,False,False,True
CHWY,🐻,18.950000762939453,0.21153313511431884,4.006594276048631,-7.289626869801157,-6.87960487610154,-25.27602402657532,-43.41594561602004,-51.44760093358928,0.6405889391510278,33.950631092670804,2.86,39.029998779296875,17.510000228881836,21.535199966430664,24.137099990844728,21.657926720063255,16.710073310454323,False,0.25791562790207734,False,False,False
BWA,🐻🤐,61.29999923706055,-0.6804957474655626,1.7258561973037951,-8.027010002004362,-4.024279438227567,15.02741035577092,32.4853009860902,50.536446904033106,0.8370577453575991,43.13858774876185,3.04,76.82589721679688,40.47400665283203,64.27726951599121,59.62784160614014,64.51869956555943,58.74030044969936,True,0.09376027900834397,False,False,False
MP,🐻🤐,46.13999938964844,0.0,-1.4944508126795522,-8.651750301131504,-9.15534837971882,-18.767605617249256,-16.06331023279854,-41.102882886743316,0.7926527116939849,37.64404631364035,7.25,98.6500015258789,38.099998474121094,51.586800003051756,56.5577499961853,51.35866663227733,44.61433370341603,True,0.14054646421954176,False,False,False
IAG,,18.799999237060547,2.1739110153428576,1.952270567118655,-7.206322681773571,25.41694145508436,-6.930700361395341,15.90628873567122,48.03149227880482,0.5062656505023148,38.230080429406954,2.09,24.56999969482422,10.960000038146973,19.14980005264282,18.335149998664857,20.858858999823205,17.561140885735874,False,0.1716667425252567,False,False,False
AEM,✨,189.02000427246094,2.8008969881089825,3.103694095115864,-5.659810492785927,31.181850933053028,-12.638550798615517,11.614313169510721,16.001862380320198,1.1585561938865083,42.16957756727197,3.0,251.0129852294922,136.03793334960938,191.4463720703125,188.6998976135254,205.7690211496572,175.8319798269053,False,0.15690232072840185,True,False,False
FRSH,🐂🔥🚀,13.920000076293945,2.052783914395287,5.295006014568421,17.073167992894202,32.95128673615767,76.42585946575261,19.999996711467983,25.29253381144665,0.5707841557618702,72.47707171194482,5.81,13.920000076293945,6.880000114440918,12.68379997253418,10.228424985408783,13.86857832051165,11.93742172145002,False,0.149667255360884,False,False,True
XEL,🐻🤐,73.77999877929688,0.5725165832210314,3.203246585474994,-1.4904440405565722,-7.2287480700819975,-6.854379095140666,1.0840107551260418,-6.002481136085445,0.8327405713758205,60.97836606271021,8.05,82.00978088378906,69.38999938964844,74.70549285888671,76.97851081848144,74.52011357334524,68.97158793422312,True,0.07733584006360766,False,False,False
DBX,,34.36000061035156,0.6444089766733605,-0.029090258492640696,-3.3745801929039554,14.647985977900593,51.298996017328236,27.590049093864216,22.10377169727733,0.5817302033060353,41.83976826546991,5.12,37.7400016784668,22.059999465942383,34.56740032196045,28.331600074768065,38.32999327557556,30.87100751025207,False,0.2155745055886848,False,False,False
COP,🐂,134.10000610351562,-0.0670663508855078,4.439262054503351,-2.366217586878442,20.67080359687332,10.01266881345712,41.73320742177209,57.83628476406574,0.5554679212680698,66.20624293330242,2.21,141.22000122070312,83.04198455810547,129.20215591430664,116.3567380142212,138.50906492292825,121.42093461930807,False,0.1314825555627603,False,False,True
PBR-A,🐂🔥🚀,22.469999313354492,1.4905146016415258,1.5822715227944966,17.582410233848318,44.568968040329956,18.54098232815546,107.89139302441784,116.29103794261218,1.4988200503746665,80.42415345420059,3.25,22.469999313354492,10.331541061401367,17.984551906585693,15.991205449104308,22.488446747919966,16.99755331311519,False,0.2781184939632919,False,False,True
PHM,🐻💀,112.12000274658203,-1.2419589957504413,-1.631865726944125,-4.984246468750167,-9.789953604643745,-7.512144866115398,-5.2287497821894355,-5.8009750915834974,0.6415330024429877,35.75882718503027,4.99,141.6451873779297,109.63675689697266,123.07625350952148,124.00169425964356,122.48541316003639,111.87758732824486,False,0.09052474844314812,False,True,False
MBLY,🐻,7.099999904632568,0.5665717022269444,-6.332454141223819,-13.939395095362809,-29.633302306625286,-4.9531445241123535,-36.776489812583876,-50.140449306516686,0.6205196626037403,30.39647031120255,8.5,15.420000076293945,6.559999942779541,8.217199993133544,8.837699971199036,8.306011413620006,6.9789885768432525,False,0.17363727021324438,False,False,False
APTV,🐻🤐,43.79999923706055,-0.9273916668234192,-0.2050584503063752,-3.820820473179931,-24.56080227168305,-26.212940049359712,-44.16114498494741,-45.72490595612767,0.5627200971463266,51.19170775538021,1.88,88.66999816894531,43.02000045776367,46.299999771118166,62.4848498916626,45.12845791995426,42.79054232418636,True,0.05318339811134754,False,False,False
RUN,🐻🧊,7.639999866485596,0.6587577456195063,0.3942146181978726,-10.747669486356164,-40.21909212740343,-40.125393969878544,-60.699590243833526,-59.36170118866377,0.6921486066268915,27.626442178260405,9.36,21.40999984741211,7.590000152587891,8.867100009918213,13.276274995803833,8.917545354983687,7.162954675533888,False,0.21822588552842714,False,False,False
ESI,💀,36.31999969482422,-1.0623791865290368,-3.2498699812191707,5.765869346063803,-10.45033434858576,-4.02446133482334,40.917670555231666,53.162962440441866,1.2580699589905475,65.04149073828583,1.58,48.97949981689453,22.77229881286621,35.95885559082031,36.15442472457886,39.13197273803069,31.199027017828694,False,0.22558887966159163,False,True,True
LUV,🐻,41.65999984741211,0.7253366359609367,-0.4539991245793578,6.167171420569286,-11.995105341133307,6.559949807852085,2.226372296962466,35.517727534134224,1.0119068213019842,49.263718339837546,4.12,54.07379150390625,29.149770736694336,41.771176681518554,43.18624368667602,43.48397670408937,39.29002384522704,False,0.10133502865706223,False,False,False
Q,🐻,126.5999984741211,-0.06315269250233721,-3.7481945950962596,0.15822543182583781,-10.577913496952947,-6.1264543747724405,49.246133982949814,33.185182271956386,0.8603582650947532,59.983281631529195,2.82,175.52316284179688,73.35140991210938,127.51473007202148,126.8441915512085,135.23594751943156,113.40305241953328,False,0.17561923194074747,False,False,False
CUBE,🐻,37.970001220703125,1.2263474266962309,2.0973450465092545,-2.5969684681228835,-4.952708911507144,0.00857049128608109,11.881611689200112,2.204569773589583,0.6393526908002866,40.29567477019805,3.09,41.900611877441406,33.40093231201172,39.24279373168945,38.30262340545654,39.780211244242615,36.15731011806208,False,0.09541794520512073,False,False,False
MXL,🐂,96.16000366210938,2.6254074642350744,-8.844434913828486,28.952667367093582,3.8557160227014666,351.24357612393277,419.50298472750626,571.0398058204614,0.950574934397405,58.34699671816026,1.68,128.02999877929688,13.050000190734863,76.49560005187988,55.73940000534058,114.75195198201885,62.99804878092061,False,0.5823223963877341,False,False,True
RHI,🐻🤐,33.93000030517578,-0.49852837698607577,-1.1363618680546002,-9.952229218758509,-3.563664403504585,36.210839107722165,31.83425416985091,17.470521252353823,0.5817266282382562,34.300539354198065,10.78,45.34000015258789,21.1058406829834,39.73072578430176,30.67699235916138,39.495172165755086,33.26482768165702,True,0.17125740783848192,False,False,False
VZ,⚡🐻🧊,41.650001525878906,-8.746323374545415,-7.751189493892465,-16.427432241321718,-0.4095247781326521,-5.2903909236701985,9.62901661700796,11.472218058945733,4.314222345753944,19.283592882871844,4.21,50.664100646972656,36.00404739379883,47.40300590515137,45.030645523071286,50.378182882040825,42.24958239200702,False,0.1755111000677731,False,False,False
LUMN,🐻🧊,5.28000020980835,-5.035966472172563,-6.049816417690353,-23.9193059614607,-17.11145518576513,-32.2207928669568,-31.339399603115233,-19.756834786792915,1.3253419066718137,23.42341336111305,5.01,11.829999923706055,5.28000020980835,6.227400007247925,7.497399997711182,7.012896503518359,5.011103568960889,False,0.3329662213058714,False,False,False
RIOT,🐻🧊,16.885000228881836,0.2672213532434554,-12.603517103546919,-21.35537601820394,-16.36949092497904,-2.7921737876724673,19.244353183857903,-19.63350763951674,0.7184285620263637,10.027388486969514,3.06,28.690000534057617,11.829999923706055,20.610399971008302,19.44727502822876,25.851570371498873,16.140929933676908,False,0.46249403427997743,False,False,False
ZIM,🐂🤐🚀,29.989999771118164,-0.8922685251864881,3.66401470708848,1.4203587440937984,22.90983704910649,13.041835638603382,41.496719056237204,149.2116856613861,0.52052426083845,46.050427710717855,1.92,30.510000228881836,12.03394603729248,28.35959987640381,25.663070516586302,30.81892973705505,28.47307007983948,True,0.07912904487823147,False,False,True
DKNG,🐻,19.579999923706055,-1.4594912092541827,-0.10204314986942933,-20.856911459780886,-22.33240525674684,-13.016438362432334,-45.0925406408071,-40.10400505887925,0.5968139068031142,35.75686247407802,2.86,36.2400016784668,18.59000015258789,23.104200057983398,25.35015001296997,24.91706840260605,17.28193157450577,False,0.36186340113469406,False,False,False
FIS,🐻,34.040000915527344,-0.8736145478378476,1.3698602125960888,-10.749865075335771,-15.147068947876305,-24.991302036580116,-46.47068043992342,-47.15041403683665,0.6196353635341113,41.95806397055804,3.05,65.45195770263672,32.439998626708984,38.57172760009766,45.03992425918579,37.84229407884841,31.651705402352757,False,0.17816181894007327,False,False,False
FLUT,🐻,79.77999877929688,-2.206426834220312,5.347940370839131,-20.664279319606088,-26.449711550229367,-24.257099219213007,-63.448940661718446,-67.05755999996977,0.8845787813208875,38.81870785282176,4.81,252.33999633789062,74.44999694824219,93.01800003051758,116.91674991607665,101.09543042488886,66.18056978873418,False,0.41745212214024713,False,False,False
BP,🐂🔥🚀,46.25,-0.2372748250719411,3.653072853281627,0.3253829302469756,13.08797930938892,1.968133948901889,33.87546808590752,45.215372911665746,0.8879777459967201,71.25169680379098,0.54,46.959999084472656,31.174026489257812,43.931081008911136,41.1832587814331,46.8386855020679,42.71731463526121,False,0.09204008353402998,False,False,True
LEVI,⚡🐻💀,18.700000762939453,-1.8372624049254251,-7.745434925349932,-7.242059005571237,-20.88010577525534,-15.198781736496025,-8.447551499376354,-10.578049407153019,2.153421386830295,34.94624041838645,3.62,25.530000686645508,17.686683654785156,21.140200004577636,21.548538455963136,20.55947030711838,18.98452955555252,False,0.079655106060861,False,True,False
COLD,🐻,13.989999771118164,1.3033985954539222,-0.4270492441435404,-2.7711612691730907,-10.598387628752386,17.43272980353107,13.725566808792827,11.32990009466729,0.48964847142608997,39.50310431460635,7.78,15.992950439453125,9.455055236816406,14.32114091873169,13.294812111854553,14.827685420891523,13.565558845618487,False,0.08890330132240097,False,False,False
EQH,🐂🤐,52.91999816894531,-1.0471229956700903,-2.000003390842014,-0.7874052914156224,12.590468004913424,40.35711456418063,12.603043075838908,12.39062244040348,0.7000162004021512,45.7551345865587,1.71,54.5,34.86272048950195,51.769599990844725,44.98755346298218,54.94262558664139,51.33637450491134,True,0.06786385040550796,False,False,True
VALE,🐻🤐,13.619999885559082,1.4903115359770436,-3.745581252716961,-10.571239035249757,-3.9850080161491435,-19.72156970538092,5.645448890547859,37.209017231727195,1.0472302835851484,40.56938837500149,1.88,17.325687408447266,9.926461219787598,14.357707653045654,14.999830756187439,14.682352340642339,13.078647529657953,True,0.11553653099505876,False,False,False
PGR,,217.42999267578125,-0.5943414607739309,2.2622508085105895,-0.03908786379352629,-3.9919999913758164,9.05021225754308,2.651396396915594,-3.5106906179050323,0.47957034265304255,57.17520618004328,2.48,234.36688232421875,190.2236785888672,214.12290161132813,208.26698432922365,223.04158037208816,201.08493787742356,False,0.1035381733982859,False,False,True
PYPL,🤐,55.529998779296875,0.9269326013995681,2.0584431814477133,3.369317791259089,17.515647649453904,17.555591536915056,-3.64677751975072,-19.603000471992548,1.0016086723870476,65.79802671444767,2.35,72.21466064453125,38.738338470458984,56.1942943572998,49.89356460571289,55.70648296756163,51.55751620846377,True,0.07735991182445483,False,False,False
PRAX,🐻🧊,259.8599853515625,-1.4001148215969281,-8.3580238436608,-22.332477798866915,-20.69702418216372,-18.025241214018138,-9.266762957583868,387.9083618868613,1.0139287779727306,28.32055351547315,9.69,386.3299865722656,52.34000015258789,329.64759826660156,316.6883990478516,324.4789780739799,256.67101887426236,False,0.23335785788795782,False,False,False
ADPT,🐂🛒🤐,26.489999771118164,1.5331529942156674,-11.226542775936267,9.462805520591877,23.61175638770425,87.47345758366467,66.49905735496897,74.62096003884604,0.5735180763663026,44.12016595412571,5.27,29.84000015258789,12.40999984741211,26.021000061035156,18.921500034332276,30.446787772613515,25.21321245626832,True,0.18805516689989182,False,False,True
DOC,🐻🧊,18.799999237060547,1.5118724210371075,-0.2123190828204381,-6.9214809403479975,-11.936608314306685,17.488818636265783,21.83885355495185,11.295193918891453,0.9932381692556411,18.420961820920795,4.49,22.59394073486328,15.03017520904541,20.46289482116699,18.54658031463623,21.292520288162642,18.411479612655228,False,0.14512596628573268,False,False,False
AMGN,🐂🤐,414.8699951171875,1.8235795776703967,2.950514617774122,9.943020645766016,17.465025656694028,20.189148721126053,29.214697964447865,46.961209023679366,0.8305626224046951,63.00467653793604,4.45,444.1199951171875,282.2989807128906,411.1699694824219,363.17147674560545,432.3678368754533,371.995163612828,True,0.15011300426791543,False,False,True
NKE,🐻,34.709999084472656,-0.08636324854508398,2.2084806249094346,-5.6793483584725,-18.156317975253017,-17.520193643601463,-43.69942843183758,-45.025370810662416,0.5711207987595449,35.84523062197388,3.03,67.45584869384766,33.869998931884766,37.95930503845215,47.20501607894897,37.23971512827771,33.754284734393195,False,0.09818943574461636,False,False,False
CPRI,🤐,14.949999809265137,1.8392336408478192,3.17460348801286,7.631385455306697,-10.371705421215296,-25.510712323924256,-38.70438629198904,-21.76871097970046,0.3598293940187466,58.421042064553696,2.42,27.65999984741211,12.710000038146973,14.450400066375732,18.540850019454957,15.43766633075099,13.920333470884753,True,0.10336759112463072,False,False,True
ARWR,🐻🤐,62.75,3.309183842590799,0.6415421582486972,-24.260710735437733,-12.738149347273556,-1.630350996396041,-7.434726135802321,77.20982849590719,1.1676246646303492,33.014619431356905,4.77,89.58999633789062,35.40999984741211,78.38279998779296,72.365475025177,75.228553830058,57.36644586476622,True,0.2694235530208915,False,False,False
SPCE,🧊,2.8399999141693115,-3.4013653437030817,-6.885247260003751,-2.7397315080268676,8.812261621376118,-5.016725581571887,-13.677813158096882,-30.562351877362616,0.9316817806308669,20.9876590450249,6.4,7.519999980926514,2.1700000762939453,3.0424000072479247,2.971650005578995,3.31001483009986,2.8309851307994927,False,0.15601032481694183,False,False,False
JNJ,,261.44000244140625,1.9338705718249996,3.3645712300057555,-1.5588464267554532,3.497889537863278,11.044031131182681,28.114355103792644,40.16976071942392,0.8454511964551882,38.37916856205311,3.46,278.42999267578125,181.90074157714844,264.8960397338867,241.02034561157225,277.1852117063975,252.1917932984853,False,0.09442578038568826,False,False,False
O,🐻,54.18000030517578,0.018464346628320166,0.7625066838788,-8.489766553889865,-13.88004221180752,-12.13296483892475,-1.652529973450336,-1.8770325180784955,0.5192961103504234,32.52947755154693,5.11,65.49872589111328,53.349998474121094,59.10677230834961,60.41638298034668,58.54113133693818,52.225758235205376,False,0.11402998000805176,False,False,False
LHX,🐻🧊,236.97000122070312,0.021105458443468252,0.03799237421290468,-3.4902632156721203,-17.89752364546557,-33.21133092264391,-21.209012879455884,-17.59535021137525,0.6070692809479731,28.460164679234524,2.69,373.8530578613281,233.6300048828125,258.56554626464845,307.00581939697264,252.1851943462847,229.52380528750436,False,0.09408746390874272,False,False,False
ESTC,🐂🔥🚀,98.2300033569336,3.117784121457139,3.4980503284393527,17.7959036765832,57.621957377980806,115.46392416793539,35.37762770404005,13.586955994328065,0.6456467216051595,71.51515898808042,2.05,99.91000366210938,43.29999923706055,85.96080032348632,65.54250009536743,98.01957998518733,83.14342126603336,False,0.16422954594934147,False,False,True
ROST,,222.41000366210938,-1.2388957921584864,-1.749344674866522,-3.6101246566458425,0.8644698357988941,1.0530736793837645,22.442413257305642,51.82519022076525,1.225368406152224,32.00326299544473,5.18,254.73765563964844,146.4908447265625,235.24386779785155,218.22355445861817,238.94972358809278,220.8202715290947,False,0.07886313700996167,False,False,False
AMAT,,507.0299987792969,-0.4984611551726926,-6.500337208302437,11.071438503826379,-14.793999173703249,28.421684909587725,89.25020765358963,142.8361166412518,0.5311696916237891,68.63512556959589,2.12,722.2277221679688,208.79513549804688,489.7854382324219,433.6493914794922,568.3886441723147,399.8463625415524,False,0.34814333392630553,False,False,True
FTNT,🐂🔥🚀,194.75,2.9878337991123596,5.7676613455511925,24.783745025030786,16.73559783162942,147.3330013761785,150.06421015436396,134.52552727944925,0.5022295292811513,76.25069409474655,2.94,194.75,75.2300033569336,167.37260009765626,121.2994499206543,193.46390639436308,164.17109421598846,False,0.16381401221011674,False,False,True
EMR,🐂🔥🚀,161.8300018310547,1.741483914860829,-0.3080145348118557,6.33418702608923,19.317230400567016,12.85826840193527,20.498868032057313,30.44340179884552,0.9995385000469322,70.03567642168937,3.7,163.82443237304688,122.33541870117188,155.74717041015626,144.55444011688232,166.23470909007983,144.67229164234203,False,0.13870654180794867,False,False,True
VISN,🐻🧊,6.050000190734863,0.49834235719935,-2.4193487604002417,-6.635799800508406,-12.22006927185269,12.68693309687122,19.105025162894655,45.47544031253938,0.5441397152188822,29.12622617724358,4.93,7.342597007751465,4.158777713775635,6.389251928329468,6.017580602169037,6.730388832580053,5.8271111960301765,False,0.1438626533134629,False,False,False
GPN,,82.19999694824219,-0.6886549691215522,0.0243327366660363,-6.897727833429122,8.6213277566796,21.439480541379254,9.917278309051273,0.5125580548355583,0.7433960921690617,41.88975141784622,6.15,94.56227111816406,62.05564880371094,87.53232315063477,76.07750537872315,89.74564716804132,78.29235179436104,False,0.13631792147492655,False,False,False
EQNR,🐂,43.0099983215332,0.18634524991553997,1.5584412542905213,-3.9955378259171384,19.999393341120562,11.918578305740024,81.08947968314999,94.49376013993432,1.4919346269100802,52.914779987717694,4.8,45.75,21.68036460876465,42.170211944580075,35.389677600860594,45.21253702192512,40.6194629475573,False,0.10702474778639406,False,False,True
MDT,,88.4800033569336,0.831912657474181,0.5797455145543904,-1.928691177620911,12.491374425309266,2.2846908435618754,-5.52271601200928,-4.229777824830087,1.538461233938403,41.786969055168356,3.37,101.9701919555664,72.4959716796875,89.52919052124024,86.94920612335206,93.69849495012679,84.28208595197282,False,0.10581389217213062,False,False,False
EW,🐻🤐,85.20999908447266,1.1514734630831576,-2.3157218786239735,0.9956101819904879,-5.416802588286385,9.075775843083713,-0.14063370913740902,15.242083136252685,1.0318574893545354,39.432828639531586,2.78,95.18000030517578,72.6500015258789,88.61900009155273,85.1379500579834,89.50926425628685,83.84273617095923,True,0.06537597571832816,False,False,False
CFG,🐻🧊,63.56999969482422,-0.8113538348869888,-1.1506731330463955,-9.804204501970403,-9.012040040941184,-0.48944081190183625,9.270161350340873,32.959142844263134,0.7589179220874543,28.779372765858568,4.29,74.7300033569336,46.97679901123047,69.01899993896484,64.71360540390015,69.7283688598922,61.20963010251013,False,0.13011866417522,False,False,False
AG,,17.280000686645508,1.7667912396755487,-1.3135324913186228,-11.656435795240073,2.1489198405205845,-16.701318912310864,7.807717434376105,30.769789263065938,0.9708549122870177,33.4959489785918,2.74,31.955509185791016,10.649097442626953,19.086584453582763,20.159712572097778,20.305436597475644,16.35056334911859,False,0.21578313259052187,False,False,False
STT,🐻🧊,174.9600067138672,-0.074241605312837,-0.7994491366762573,-9.055405301116215,-4.227145341933656,24.81451465861869,37.86577114230457,61.35997058808008,0.6583297652101368,27.030311257828615,2.59,193.23634338378906,108.42838287353516,184.6418716430664,154.55530826568602,186.4073709945563,171.16836600495543,False,0.08523511755844702,False,False,False
GOF,🐻🤐,8.829999923706055,1.0297500565766757,2.6744131631889716,-1.8318644927500891,-14.30248290617514,-14.298485054643367,-19.831009100928622,-28.29610545381439,0.8455552836265035,57.93650493299677,0.78,12.389016151428223,8.430000305175781,9.2550799369812,10.162200088500976,8.842680872359129,8.40011926802173,True,0.05133291585291482,False,False,False
BAX,🤐,24.350000381469727,1.882848410552091,0.5367509157754352,2.3109292522696245,11.740348199179524,38.24194763457011,25.04632274718452,11.147742226722393,0.4052079324626534,67.74999248981834,3.67,28.339067459106445,15.7857027053833,25.23145763397217,20.943910608291628,24.49905731218941,22.77794254285209,True,0.07280981342363178,False,False,False
PWR,🐂,705.9400024414062,3.0073081344196577,3.295194769599022,8.527909284153045,6.826774614211692,18.516497608740003,60.6412610943186,69.17497710910692,0.7602981300326079,68.078972717371,3.74,784.9856567382812,411.8881530761719,651.7779638671875,612.263975982666,716.6155177621785,592.6240940542278,False,0.18940982626690925,False,False,True
VIR,🐂🚀,11.699999809265137,5.215826705711283,-0.6791165154455978,10.169490916611238,23.287672196503944,25.671313447124806,96.96969186124875,101.7241280087396,0.8342850350042242,59.40366902241791,6.87,11.779999732971191,5.119999885559082,10.412700042724609,9.159775023460389,11.884770117209058,10.176730050637623,False,0.1548435105116561,False,False,True
HUBS,,228.3000030517578,-1.5269122420850625,3.4857904991299913,1.318067366337634,8.880203656229542,11.213953823728577,-40.271565159773964,-48.073511088078746,0.8116984151681522,57.92361897234261,2.66,494.5799865722656,170.27999877929688,230.04799926757812,242.2666993713379,246.97364620907268,195.36435427920856,False,0.23334776516100567,False,False,False
DOCU,🐂🤐,71.08000183105469,-0.48998806191483807,1.4993618021713107,8.271135078397982,43.94491756491918,56.49494649177178,9.606790290704057,3.9181290137278904,0.7234588628052605,57.41289608818208,3.15,73.13999938964844,41.75,64.72040031433106,53.67995000839233,72.1973445617299,66.05765650638533,True,0.08881686749717918,False,False,True
COR,🐂,323.8500061035156,0.7779679329443303,2.832379778104362,0.7090209681769531,7.343530306677969,1.9131823888571486,-3.8622022576795785,2.6156857792616064,0.6289667377227205,57.528652351468835,2.97,372.5274353027344,251.67120361328125,318.01682861328123,316.6542999267578,327.44403721129964,299.599963032841,False,0.08881059117898427,False,False,True
NOW,🐂🤐,140.86000061035156,0.7942759286952147,3.5126386794374924,6.285370789844115,34.344303920155426,58.1630411764585,-4.4693092399342955,-20.75030261407048,0.5658189193757395,54.79205861807151,2.23,189.25799560546875,83.0,132.22419967651368,115.3357000732422,143.86784304790973,130.82615567035197,True,0.09495429414847825,False,False,True
MTH,🐻,58.810001373291016,-3.0018137271340737,-5.571608018655511,-7.741614338284819,-19.63057888524421,-10.17917102855401,-9.269531132295779,-9.132275591329947,0.9504692948543982,33.857831515462735,4.64,84.54981994628906,57.94124221801758,67.44671272277832,68.62288829803467,67.30826899928653,59.76073200779355,False,0.11879430752859133,False,False,False
